[
{
    "model": "sessions.session",
    "pk": "89r833bgtx3n9noaftc1quiw22bx2u0y",
    "fields": {
        "session_data": ".eJxVjMEOgyAQRP-Fc2NYFpD2Vn-ELMsaTQ0mFU5N_73aeGiP82bmvVSkVqfYNnnGOaubMkZdfmEifkg5GlqWA3fEvLZSu-_mrLfuvicpdWaq81qG8_Wnmmibdk-S5IE0IztvHYI4CkDi0YaxR_BXKzKKlpS98yaYHEC73ENCZLYC6v0B45c8bA:1ppPnL:tLAddhOwZCbXQ6r2-_pI3czcckkQ1JvD0fLJTbUqaaU",
        "expire_date": "2023-05-04T08:37:35.681Z"
    }
},
{
    "model": "sessions.session",
    "pk": "vi0mcac2q2xamblpgc684mc9e7pa3taw",
    "fields": {
        "session_data": ".eJxVjEEOwiAURO_C2hCk8AF39iLk84FAbGgidGW8u63pQpfz3sy8mMdtFL_19PQ1shtTil1-YUB6pHYYXJYDcyRatzb4t3Pqzu97Sm1UwlHXNp-rv6uCvew_FoECSCVcSAooAiXtUpbZSpODimYCAqcdOm13JY0Vxlw1iCDiFKNi7w_vSDxt:1piaoS:yGQZ1-RBbvBElxeXrdlH2KidLSh-zOVQfL1IfzgOppc",
        "expire_date": "2023-04-15T12:58:32.537Z"
    }
},
{
    "model": "sites.site",
    "pk": 1,
    "fields": {
        "domain": "localhost",
        "name": "localhost"
    }
},
{
    "model": "sites.site",
    "pk": 2,
    "fields": {
        "domain": "sel2-4.ugent.be",
        "name": "sel2-4.ugent.be"
    }
},
{
    "model": "token_blacklist.blacklistedtoken",
    "pk": 1,
    "fields": {
        "token": 34,
        "blacklisted_at": "2023-04-19T20:30:21.420Z"
    }
},
{
    "model": "token_blacklist.blacklistedtoken",
    "pk": 2,
    "fields": {
        "token": 36,
        "blacklisted_at": "2023-04-19T22:12:35.202Z"
    }
},
{
    "model": "token_blacklist.blacklistedtoken",
    "pk": 3,
    "fields": {
        "token": 37,
        "blacklisted_at": "2023-04-20T08:01:20.146Z"
    }
},
{
    "model": "token_blacklist.blacklistedtoken",
    "pk": 4,
    "fields": {
        "token": 39,
        "blacklisted_at": "2023-04-20T11:13:48.490Z"
    }
},
{
    "model": "base.region",
    "pk": 1,
    "fields": {
        "region": "Gent"
    }
},
{
    "model": "base.region",
    "pk": 2,
    "fields": {
        "region": "Antwerpen"
    }
},
{
    "model": "base.region",
    "pk": 3,
    "fields": {
        "region": "Brugge"
    }
},
{
    "model": "base.role",
    "pk": 1,
    "fields": {
        "name": "Default",
        "rank": 2147483647,
        "description": "The default role"
    }
},
{
    "model": "base.role",
    "pk": 2,
    "fields": {
        "name": "Admin",
        "rank": 1,
        "description": "The admin role"
    }
},
{
    "model": "base.role",
    "pk": 3,
    "fields": {
        "name": "Superstudent",
        "rank": 2,
        "description": "The superstudent role"
    }
},
{
    "model": "base.role",
    "pk": 4,
    "fields": {
        "name": "Student",
        "rank": 3,
        "description": "The student role"
    }
},
{
    "model": "base.role",
    "pk": 5,
    "fields": {
        "name": "Syndic",
        "rank": 3,
        "description": "The syndic role"
    }
},
{
    "model": "base.user",
    "fields": {
        "password": "pbkdf2_sha256$390000$h8HANFi7B7Tdf2C83kS23G$2YBNlmr2Frrf0O5ZAK8oreR3NpRtahdoAK/d/r6pG1A=",
        "last_login": "2023-03-21T21:17:46.173Z",
        "is_superuser": false,
        "email": "sylvie@test.com",
        "is_staff": false,
        "is_active": true,
        "first_name": "sylvie",
        "last_name": "test",
        "phone_number": "+32485710347",
        "role": 5,
        "groups": [],
        "user_permissions": [],
        "region": [
            2
        ]
    }
},
{
    "model": "base.user",
    "fields": {
        "password": "pbkdf2_sha256$390000$eMbH3Z8YUsRPQJVlB3cU9I$8/qb8N6xGzvWXtwsq+opnlZgBkRfg28odZ0n5LkS0sk=",
        "last_login": "2023-03-08T14:26:37Z",
        "is_superuser": false,
        "email": "sydney@test.com",
        "is_staff": false,
        "is_active": true,
        "first_name": "sydney",
        "last_name": "test",
        "phone_number": "+32485710347",
        "role": 5,
        "groups": [],
        "user_permissions": [],
        "region": [
            2
        ]
    }
},
{
    "model": "base.user",
    "fields": {
        "password": "pbkdf2_sha256$390000$NbeM1Nb03rlBDewUpjaoRK$MuGG2gNblnAslUP45cNlDEEzHbdSxt/AUhKbVysdp6s=",
        "last_login": "2023-03-08T14:27:09Z",
        "is_superuser": false,
        "email": "sylvano@test.com",
        "is_staff": false,
        "is_active": true,
        "first_name": "sylvano",
        "last_name": "test",
        "phone_number": "+32485710347",
        "role": 5,
        "groups": [],
        "user_permissions": [],
        "region": [
            1
        ]
    }
},
{
    "model": "base.user",
    "fields": {
        "password": "pbkdf2_sha256$390000$yf4lja2lMRou1Nm8nfkS24$tgMzzynF9OP+MN2XpDL4B/eTQKdtzyVKK7TD5lEz7xw=",
        "last_login": "2023-03-08T14:28:16Z",
        "is_superuser": false,
        "email": "sylke@test.com",
        "is_staff": false,
        "is_active": true,
        "first_name": "sylke",
        "last_name": "test",
        "phone_number": "+32485710347",
        "role": 5,
        "groups": [],
        "user_permissions": [],
        "region": [
            2
        ]
    }
},
{
    "model": "base.user",
    "fields": {
        "password": "pbkdf2_sha256$600000$P8azaB6ftFYdCB1sjJWt1c$NSF9FnmSjZpFerYGmVxA9+XQTD55iV5t8efdgZ47HXU=",
        "last_login": "2023-03-08T14:28:42Z",
        "is_superuser": false,
        "email": "sylvian@test.com",
        "is_staff": false,
        "is_active": true,
        "first_name": "sylvian",
        "last_name": "test",
        "phone_number": "+32485710347",
        "role": 5,
        "groups": [],
        "user_permissions": [],
        "region": [
            1
        ]
    }
},
{
    "model": "base.user",
    "fields": {
        "password": "pbkdf2_sha256$390000$BNwYbvuhtJYoNwocNIiuFR$KIkBwvVwddo4vhz/J5Z7o87T/vPiKFyC+oFM+ury9Hg=",
        "last_login": "2023-03-08T14:30:24Z",
        "is_superuser": false,
        "email": "stijn@test.com",
        "is_staff": false,
        "is_active": true,
        "first_name": "stijn",
        "last_name": "test",
        "phone_number": "+32485710347",
        "role": 4,
        "groups": [],
        "user_permissions": [],
        "region": [
            1
        ]
    }
},
{
    "model": "base.user",
    "fields": {
        "password": "pbkdf2_sha256$390000$byXw7YCysrkmOkrGlqwj9e$6zDq0gQc/8chk1Thb4hs70x8+HBkGU1HKSSEqD18V1o=",
        "last_login": "2023-03-08T14:30:41Z",
        "is_superuser": false,
        "email": "stef@test.com",
        "is_staff": false,
        "is_active": true,
        "first_name": "stef",
        "last_name": "test",
        "phone_number": "+32485710347",
        "role": 4,
        "groups": [],
        "user_permissions": [],
        "region": [
            1
        ]
    }
},
{
    "model": "base.user",
    "fields": {
        "password": "pbkdf2_sha256$390000$dzGAbxGvpIktcFY3Na3gzN$hZvjMM+jtENVtw6B0kW37txlgvR7zB36BuUokGWpZmw=",
        "last_login": "2023-03-08T14:31:00Z",
        "is_superuser": false,
        "email": "stephan@test.com",
        "is_staff": false,
        "is_active": true,
        "first_name": "stephan",
        "last_name": "test",
        "phone_number": "+32485710347",
        "role": 4,
        "groups": [],
        "user_permissions": [],
        "region": [
            1
        ]
    }
},
{
    "model": "base.user",
    "fields": {
        "password": "pbkdf2_sha256$390000$GywaqnFDEVEkOxqcmqFbcX$EnYKANh1YlKRf+hSB/P3ptmSpgmsf+JyUPaSNSjxyoQ=",
        "last_login": "2023-03-08T14:31:13Z",
        "is_superuser": false,
        "email": "steven@test.com",
        "is_staff": false,
        "is_active": true,
        "first_name": "steven",
        "last_name": "test",
        "phone_number": "+32485710347",
        "role": 4,
        "groups": [],
        "user_permissions": [],
        "region": [
            1
        ]
    }
},
{
    "model": "base.user",
    "fields": {
        "password": "pbkdf2_sha256$390000$AMNu9ujtWd16u5z1zaW6JJ$EqE1eiUMjAyHL93NBfWyRJME2x+dSfVOGozVqgGtf0A=",
        "last_login": "2023-03-08T14:32:10Z",
        "is_superuser": false,
        "email": "sten@test.com",
        "is_staff": false,
        "is_active": true,
        "first_name": "sten",
        "last_name": "test",
        "phone_number": "+32485710347",
        "role": 4,
        "groups": [],
        "user_permissions": [],
        "region": [
            1
        ]
    }
},
{
    "model": "base.user",
    "fields": {
        "password": "pbkdf2_sha256$390000$0zOt0mhGugAVg3lbplpMQW$enmZS+ykYIMqBpsxjDuelcicTb8VuQozJD+E5CBLQwY=",
        "last_login": "2023-03-08T14:32:37Z",
        "is_superuser": false,
        "email": "sterre@test.com",
        "is_staff": false,
        "is_active": true,
        "first_name": "sterre",
        "last_name": "test",
        "phone_number": "+32485710347",
        "role": 4,
        "groups": [],
        "user_permissions": [],
        "region": [
            2
        ]
    }
},
{
    "model": "base.user",
    "fields": {
        "password": "pbkdf2_sha256$390000$txsz57xK6zuxoRCqPvbflu$cbZ15oMhfWceRxNzrU2qr+mZQOmusdwPh3uX/60JO94=",
        "last_login": "2023-03-08T14:32:47Z",
        "is_superuser": false,
        "email": "stella@test.com",
        "is_staff": false,
        "is_active": true,
        "first_name": "stella",
        "last_name": "test",
        "phone_number": "+32485710347",
        "role": 4,
        "groups": [],
        "user_permissions": [],
        "region": [
            2
        ]
    }
},
{
    "model": "base.user",
    "fields": {
        "password": "pbkdf2_sha256$390000$HhlA3K1bMVF5qy0NIxvKBC$ic0OKcT5SnhO60BSBnCBGz1Ges13amEuBz1H9MTl+oo=",
        "last_login": "2023-03-08T14:32:59Z",
        "is_superuser": false,
        "email": "stefanie@test.com",
        "is_staff": false,
        "is_active": true,
        "first_name": "stefanie",
        "last_name": "test",
        "phone_number": "+32485710347",
        "role": 4,
        "groups": [],
        "user_permissions": [],
        "region": [
            2
        ]
    }
},
{
    "model": "base.user",
    "fields": {
        "password": "pbkdf2_sha256$390000$4u9eKSAcywwYYPeFZVv91O$eE7l84LghCmXq7YJxJ0Uem2r+rC7gb3cUK2GBXF0XMo=",
        "last_login": "2023-03-08T14:33:08Z",
        "is_superuser": false,
        "email": "stacey@test.com",
        "is_staff": false,
        "is_active": true,
        "first_name": "stacey",
        "last_name": "test",
        "phone_number": "+32485710347",
        "role": 4,
        "groups": [],
        "user_permissions": [],
        "region": [
            2
        ]
    }
},
{
    "model": "base.user",
    "fields": {
        "password": "pbkdf2_sha256$390000$0eKqjM6Bc3DYFdtR86oQ2y$MhFYJgQGphSo0g4uPKjYBqWRtuudF+RV45T0LltdG5o=",
        "last_login": "2023-03-08T14:33:36Z",
        "is_superuser": false,
        "email": "stanford@test.com",
        "is_staff": false,
        "is_active": true,
        "first_name": "stanford",
        "last_name": "test",
        "phone_number": "+32485710347",
        "role": 4,
        "groups": [],
        "user_permissions": [],
        "region": [
            1
        ]
    }
},
{
    "model": "base.user",
    "fields": {
        "password": "pbkdf2_sha256$390000$A3PF4gDTzyhxBo0LhwktVK$csGfWiwbiPLWv+XbRlrSRB34wjfVJDZEQErhoyoZv1o=",
        "last_login": "2023-03-21T22:16:40.718Z",
        "is_superuser": true,
        "email": "adam@test.com",
        "is_staff": true,
        "is_active": true,
        "first_name": "adam",
        "last_name": "test",
        "phone_number": "+32485710347",
        "role": 2,
        "groups": [],
        "user_permissions": [],
        "region": [
            1,
            2
        ]
    }
},
{
    "model": "base.user",
    "fields": {
        "password": "pbkdf2_sha256$390000$feAcIOeHIeYScG387l2rEf$kGrH6DpsVQAzIYT5GTpwSoSF16fuosXbSb9K009etjg=",
        "last_login": "2023-03-08T14:34:39Z",
        "is_superuser": true,
        "email": "adriana@test.com",
        "is_staff": true,
        "is_active": true,
        "first_name": "adriana",
        "last_name": "test",
        "phone_number": "+32485710347",
        "role": 2,
        "groups": [],
        "user_permissions": [],
        "region": [
            1,
            2
        ]
    }
},
{
    "model": "base.user",
    "fields": {
        "password": "pbkdf2_sha256$390000$vhogqyr2pJaL6WBPxxtzi3$8hdgFYzj5P0VZ5DdKX3GbU6S4ir+MKvDuJw+IxXWUps=",
        "last_login": "2023-03-08T14:34:56Z",
        "is_superuser": true,
        "email": "adelynn@test.com",
        "is_staff": true,
        "is_active": true,
        "first_name": "adelynn",
        "last_name": "test",
        "phone_number": "+32485710347",
        "role": 2,
        "groups": [],
        "user_permissions": [],
        "region": [
            1,
            2
        ]
    }
},
{
    "model": "base.user",
    "fields": {
        "password": "pbkdf2_sha256$390000$UFrlHyLlYahe07tzEmsSGE$VW0Ljk/CUQ9sHdM0phhvJGB0h/gM3XVBZ/HFr/s3HFI=",
        "last_login": "2023-03-08T14:35:58Z",
        "is_superuser": false,
        "email": "suzanne@test.com",
        "is_staff": false,
        "is_active": true,
        "first_name": "suzanne",
        "last_name": "test",
        "phone_number": "+32485710347",
        "role": 3,
        "groups": [],
        "user_permissions": [],
        "region": [
            2
        ]
    }
},
{
    "model": "base.user",
    "fields": {
        "password": "pbkdf2_sha256$390000$IdFPf7AAgbNNbUr6WFusPg$HTOJKtUmfgJWakEiH8iTOseGhuvqnjDekbut7SYo1M4=",
        "last_login": "2023-03-08T14:36:08Z",
        "is_superuser": false,
        "email": "suzy@test.com",
        "is_staff": false,
        "is_active": true,
        "first_name": "suzy",
        "last_name": "test",
        "phone_number": "+32485710347",
        "role": 3,
        "groups": [],
        "user_permissions": [],
        "region": [
            2
        ]
    }
},
{
    "model": "base.user",
    "fields": {
        "password": "pbkdf2_sha256$390000$9p0V9GsM63gajT3c3xv5rc$BCuQQLRQDpuiySMdobkBQnKv37rIUQyc3I8rI47SXU0=",
        "last_login": "2023-03-08T14:36:25Z",
        "is_superuser": false,
        "email": "suffried@test.com",
        "is_staff": false,
        "is_active": false,
        "first_name": "suffried",
        "last_name": "test",
        "phone_number": "+32485710347",
        "role": 3,
        "groups": [],
        "user_permissions": [],
        "region": [
            1
        ]
    }
},
{
    "model": "base.user",
    "fields": {
        "password": "pbkdf2_sha256$600000$b1a7I4XTFcwAp1HbW6ZcLB$DK5/usk4REL+kbR0iQfYlQ4Z/s46bCRkDTU627YchZM=",
        "last_login": "2023-04-20T08:37:35.674Z",
        "is_superuser": true,
        "email": "admin@test.com",
        "is_staff": true,
        "is_active": true,
        "first_name": "joe",
        "last_name": "joe",
        "phone_number": "+32485710347",
        "role": 2,
        "groups": [],
        "user_permissions": [],
        "region": [
            1,
            3
        ]
    }
},
{
    "model": "base.building",
    "pk": 1,
    "fields": {
        "city": "Antwerpen",
        "postal_code": "2000",
        "street": "Grote Markt",
        "house_number": 1,
        "bus": "No bus",
        "client_number": "48943513",
        "duration": "00:30:00",
        "syndic": [
            "sylke@test.com"
        ],
        "region": 2,
        "name": null,
        "public_id": null
    }
},
{
    "model": "base.building",
    "pk": 2,
    "fields": {
        "city": "Gent",
        "postal_code": "9000",
        "street": "Veldstraat",
        "house_number": 1,
        "bus": "No bus",
        "client_number": null,
        "duration": "00:45:00",
        "syndic": [
            "sylvano@test.com"
        ],
        "region": 1,
        "name": null,
        "public_id": null
    }
},
{
    "model": "base.building",
    "pk": 3,
    "fields": {
        "city": "Antwerpen",
        "postal_code": "2000",
        "street": "Universiteitsplein",
        "house_number": 1,
        "bus": "No bus",
        "client_number": null,
        "duration": "01:00:00",
        "syndic": [
            "sydney@test.com"
        ],
        "region": 2,
        "name": null,
        "public_id": null
    }
},
{
    "model": "base.building",
    "pk": 4,
    "fields": {
        "city": "Antwerpen",
        "postal_code": "2000",
        "street": "Groenenborgerlaan",
        "house_number": 171,
        "bus": "No bus",
        "client_number": null,
        "duration": "01:00:00",
        "syndic": [
            "sydney@test.com"
        ],
        "region": 2,
        "name": null,
        "public_id": null
    }
},
{
    "model": "base.building",
    "pk": 5,
    "fields": {
        "city": "Antwerpen",
        "postal_code": "2000",
        "street": "Middelheimlaan",
        "house_number": 1,
        "bus": "No bus",
        "client_number": null,
        "duration": "01:00:00",
        "syndic": [
            "sydney@test.com"
        ],
        "region": 2,
        "name": null,
        "public_id": null
    }
},
{
    "model": "base.building",
    "pk": 6,
    "fields": {
        "city": "Antwerpen",
        "postal_code": "2000",
        "street": "Prinsstraat",
        "house_number": 13,
        "bus": "No bus",
        "client_number": null,
        "duration": "01:00:00",
        "syndic": [
            "sydney@test.com"
        ],
        "region": 2,
        "name": null,
        "public_id": null
    }
},
{
    "model": "base.building",
    "pk": 7,
    "fields": {
        "city": "Gent",
        "postal_code": "9000",
        "street": "Krijgslaan",
        "house_number": 281,
        "bus": "No bus",
        "client_number": null,
        "duration": "01:00:00",
        "syndic": [
            "sylvian@test.com"
        ],
        "region": 1,
        "name": null,
        "public_id": null
    }
},
{
    "model": "base.building",
    "pk": 8,
    "fields": {
        "city": "Gent",
        "postal_code": "9000",
        "street": "Karel Lodewijk Ledeganckstraat",
        "house_number": 35,
        "bus": "No bus",
        "client_number": null,
        "duration": "01:00:00",
        "syndic": [
            "sylvian@test.com"
        ],
        "region": 1,
        "name": null,
        "public_id": null
    }
},
{
    "model": "base.building",
    "pk": 9,
    "fields": {
        "city": "Gent",
        "postal_code": "9000",
        "street": "Tweekerkenstraat",
        "house_number": 2,
        "bus": "No bus",
        "client_number": null,
        "duration": "01:00:00",
        "syndic": [
            "sylvian@test.com"
        ],
        "region": 1,
        "name": null,
        "public_id": null
    }
},
{
    "model": "base.building",
    "pk": 10,
    "fields": {
        "city": "Gent",
        "postal_code": "9000",
        "street": "Sint-Pietersnieuwstraat",
        "house_number": 33,
        "bus": "No bus",
        "client_number": null,
        "duration": "01:00:00",
        "syndic": [
            "sylvian@test.com"
        ],
        "region": 1,
        "name": null,
        "public_id": null
    }
},
{
    "model": "base.building",
    "pk": 11,
    "fields": {
        "city": "Gent",
        "postal_code": "9000",
        "street": "Veldstraat",
        "house_number": 2,
        "bus": "No bus",
        "client_number": null,
        "duration": "01:00:00",
        "syndic": [
            "sylvian@test.com"
        ],
        "region": 1,
        "name": null,
        "public_id": null
    }
},
{
    "model": "base.building",
    "pk": 12,
    "fields": {
        "city": "Gent",
        "postal_code": "9000",
        "street": "Veldstraat",
        "house_number": 3,
        "bus": "No bus",
        "client_number": null,
        "duration": "01:00:00",
        "syndic": [
            "sylvian@test.com"
        ],
        "region": 1,
        "name": null,
        "public_id": null
    }
},
{
    "model": "base.building",
    "pk": 13,
    "fields": {
        "city": "Gent",
        "postal_code": "9000",
        "street": "Veldstraat",
        "house_number": 4,
        "bus": "No bus",
        "client_number": null,
        "duration": "01:00:00",
        "syndic": [
            "sylvano@test.com"
        ],
        "region": 1,
        "name": null,
        "public_id": null
    }
},
{
    "model": "base.building",
    "pk": 14,
    "fields": {
        "city": "Antwerpen",
        "postal_code": "2000",
        "street": "Grote Markt",
        "house_number": 2,
        "bus": "No bus",
        "client_number": null,
        "duration": "00:00:00",
        "syndic": [
            "sydney@test.com"
        ],
        "region": 2,
        "name": null,
        "public_id": null
    }
},
{
    "model": "base.building",
    "pk": 15,
    "fields": {
        "city": "Antwerpen",
        "postal_code": "2000",
        "street": "Grote Markt",
        "house_number": 3,
        "bus": "No bus",
        "client_number": null,
        "duration": "00:00:00",
        "syndic": [
            "sydney@test.com"
        ],
        "region": 2,
        "name": null,
        "public_id": null
    }
},
{
    "model": "base.building",
    "pk": 16,
    "fields": {
        "city": "Antwerpen",
        "postal_code": "2000",
        "street": "Grote Markt",
        "house_number": 4,
        "bus": "No bus",
        "client_number": null,
        "duration": "00:00:00",
        "syndic": [
            "sydney@test.com"
        ],
        "region": 2,
        "name": "Markt Antwerpen",
        "public_id": null
    }
},
{
    "model": "base.building",
    "pk": 18,
    "fields": {
        "city": "Brugge",
        "postal_code": "8000",
        "street": "steenstraat",
        "house_number": 6,
        "bus": "No bus",
        "client_number": null,
        "duration": "00:00:00",
        "syndic": [
            "sydney@test.com"
        ],
        "region": null,
        "name": null,
        "public_id": null
    }
},
{
    "model": "base.building",
    "pk": 19,
    "fields": {
        "city": "Brugge",
        "postal_code": "8310",
        "street": "'t Zand",
        "house_number": 2,
        "bus": "No bus",
        "client_number": null,
        "duration": "00:00:00",
        "syndic": [
            "sydney@test.com"
        ],
        "region": 3,
        "name": null,
        "public_id": null
    }
},
{
    "model": "base.building",
    "pk": 20,
    "fields": {
        "city": "Brugge",
        "postal_code": "8000",
        "street": "Palingstraat",
        "house_number": 42,
        "bus": "",
        "client_number": "648492H895420",
        "duration": "00:10:00",
        "syndic": [
            "sylvian@test.com"
        ],
        "region": 3,
        "name": "Brugge - Palingstraat",
        "public_id": null
    }
},
{
    "model": "base.building",
    "pk": 21,
    "fields": {
        "city": "Brugge",
        "postal_code": "8000",
        "street": "Stropersgracht",
        "house_number": 32,
        "bus": "",
        "client_number": "7463820H587392",
        "duration": "00:20:00",
        "syndic": [
            "sylvian@test.com"
        ],
        "region": 3,
        "name": "Stropersgracht- Brugge",
        "public_id": null
    }
},
{
    "model": "base.buildingcomment",
    "pk": 2,
    "fields": {
        "comment": "De deur is moeilijk te openen.",
        "date": "2023-04-20T09:00:08Z",
        "building": 1
    }
},
{
    "model": "base.buildingcomment",
    "pk": 3,
    "fields": {
        "comment": "De code van de poort is 1234.",
        "date": "2023-04-20T09:01:59Z",
        "building": 2
    }
},
{
    "model": "base.buildingcomment",
    "pk": 4,
    "fields": {
        "comment": "De containers staan in verschillende ruimtes.",
        "date": "2023-04-20T09:02:26Z",
        "building": 3
    }
},
{
    "model": "base.buildingcomment",
    "pk": 5,
    "fields": {
        "comment": "Je moet langs de achterdeur van het gebouw binnen.",
        "date": "2023-04-20T09:02:54Z",
        "building": 4
    }
},
{
    "model": "base.buildingcomment",
    "pk": 6,
    "fields": {
        "comment": "Bel aan bij bewoner op nummer 3, deze laat je binnen.",
        "date": "2023-04-20T09:03:44Z",
        "building": 11
    }
},
{
    "model": "base.buildingcomment",
    "pk": 7,
    "fields": {
        "comment": "De code van de poort is 5395",
        "date": "2023-04-20T09:04:09Z",
        "building": 12
    }
},
{
    "model": "base.buildingcomment",
    "pk": 8,
    "fields": {
        "comment": "PMD en REST staan op het gelijkvloers, de rest in de kelder.",
        "date": "2023-04-20T09:04:30Z",
        "building": 13
    }
},
{
    "model": "base.buildingcomment",
    "pk": 9,
    "fields": {
        "comment": "Je moet langs de grote poort binnen.",
        "date": "2023-04-20T09:04:49Z",
        "building": 15
    }
},
{
    "model": "base.buildingcomment",
    "pk": 10,
    "fields": {
        "comment": "De containers hangen vast met een slot (code 7361)",
        "date": "2023-04-20T09:05:37Z",
        "building": 13
    }
},
{
    "model": "base.garbagecollection",
    "pk": 1,
    "fields": {
        "building": 1,
        "date": "2023-03-08",
        "garbage_type": "GFT"
    }
},
{
    "model": "base.garbagecollection",
    "pk": 5,
    "fields": {
        "building": 16,
        "date": "2023-03-08",
        "garbage_type": "PAP"
    }
},
{
    "model": "base.garbagecollection",
    "pk": 6,
    "fields": {
        "building": 1,
        "date": "2023-03-09",
        "garbage_type": "PMD"
    }
},
{
    "model": "base.garbagecollection",
    "pk": 7,
    "fields": {
        "building": 15,
        "date": "2023-03-09",
        "garbage_type": "RES"
    }
},
{
    "model": "base.garbagecollection",
    "pk": 8,
    "fields": {
        "building": 15,
        "date": "2023-03-08",
        "garbage_type": "PAP"
    }
},
{
    "model": "base.garbagecollection",
    "pk": 9,
    "fields": {
        "building": 14,
        "date": "2023-03-08",
        "garbage_type": "PAP"
    }
},
{
    "model": "base.garbagecollection",
    "pk": 10,
    "fields": {
        "building": 14,
        "date": "2023-03-09",
        "garbage_type": "KER"
    }
},
{
    "model": "base.garbagecollection",
    "pk": 11,
    "fields": {
        "building": 16,
        "date": "2023-03-09",
        "garbage_type": "GLS"
    }
},
{
    "model": "base.garbagecollection",
    "pk": 12,
    "fields": {
        "building": 2,
        "date": "2023-03-08",
        "garbage_type": "GFT"
    }
},
{
    "model": "base.garbagecollection",
    "pk": 13,
    "fields": {
        "building": 2,
        "date": "2023-03-09",
        "garbage_type": "KER"
    }
},
{
    "model": "base.garbagecollection",
    "pk": 14,
    "fields": {
        "building": 11,
        "date": "2023-03-08",
        "garbage_type": "PMD"
    }
},
{
    "model": "base.garbagecollection",
    "pk": 15,
    "fields": {
        "building": 11,
        "date": "2023-03-09",
        "garbage_type": "GLS"
    }
},
{
    "model": "base.garbagecollection",
    "pk": 16,
    "fields": {
        "building": 12,
        "date": "2023-03-08",
        "garbage_type": "PAP"
    }
},
{
    "model": "base.garbagecollection",
    "pk": 17,
    "fields": {
        "building": 12,
        "date": "2023-03-09",
        "garbage_type": "PMD"
    }
},
{
    "model": "base.garbagecollection",
    "pk": 18,
    "fields": {
        "building": 13,
        "date": "2023-03-08",
        "garbage_type": "GRF"
    }
},
{
    "model": "base.garbagecollection",
    "pk": 19,
    "fields": {
        "building": 13,
        "date": "2023-03-09",
        "garbage_type": "KER"
    }
},
{
    "model": "base.garbagecollection",
    "pk": 20,
    "fields": {
        "building": 7,
        "date": "2023-03-08",
        "garbage_type": "GFT"
    }
},
{
    "model": "base.garbagecollection",
    "pk": 21,
    "fields": {
        "building": 7,
        "date": "2023-03-09",
        "garbage_type": "GRF"
    }
},
{
    "model": "base.garbagecollection",
    "pk": 22,
    "fields": {
        "building": 10,
        "date": "2023-03-08",
        "garbage_type": "GRF"
    }
},
{
    "model": "base.garbagecollection",
    "pk": 23,
    "fields": {
        "building": 10,
        "date": "2023-03-09",
        "garbage_type": "PAP"
    }
},
{
    "model": "base.garbagecollection",
    "pk": 24,
    "fields": {
        "building": 9,
        "date": "2023-03-08",
        "garbage_type": "PMD"
    }
},
{
    "model": "base.garbagecollection",
    "pk": 25,
    "fields": {
        "building": 9,
        "date": "2023-03-09",
        "garbage_type": "RES"
    }
},
{
    "model": "base.garbagecollection",
    "pk": 26,
    "fields": {
        "building": 8,
        "date": "2023-03-08",
        "garbage_type": "PAP"
    }
},
{
    "model": "base.garbagecollection",
    "pk": 27,
    "fields": {
        "building": 8,
        "date": "2023-03-08",
        "garbage_type": "GLS"
    }
},
{
    "model": "base.garbagecollection",
    "pk": 28,
    "fields": {
        "building": 6,
        "date": "2023-03-08",
        "garbage_type": "GLS"
    }
},
{
    "model": "base.garbagecollection",
    "pk": 29,
    "fields": {
        "building": 6,
        "date": "2023-03-09",
        "garbage_type": "KER"
    }
},
{
    "model": "base.garbagecollection",
    "pk": 30,
    "fields": {
        "building": 5,
        "date": "2023-03-08",
        "garbage_type": "PMD"
    }
},
{
    "model": "base.garbagecollection",
    "pk": 31,
    "fields": {
        "building": 5,
        "date": "2023-03-09",
        "garbage_type": "GRF"
    }
},
{
    "model": "base.garbagecollection",
    "pk": 32,
    "fields": {
        "building": 4,
        "date": "2023-03-08",
        "garbage_type": "GLS"
    }
},
{
    "model": "base.garbagecollection",
    "pk": 33,
    "fields": {
        "building": 4,
        "date": "2023-03-09",
        "garbage_type": "RES"
    }
},
{
    "model": "base.garbagecollection",
    "pk": 34,
    "fields": {
        "building": 3,
        "date": "2023-03-08",
        "garbage_type": "PAP"
    }
},
{
    "model": "base.garbagecollection",
    "pk": 35,
    "fields": {
        "building": 3,
        "date": "2023-03-09",
        "garbage_type": "GFT"
    }
},
{
    "model": "base.garbagecollection",
    "pk": 36,
    "fields": {
        "building": 2,
        "date": "2023-04-20",
        "garbage_type": "GRF"
    }
},
{
    "model": "base.garbagecollection",
    "pk": 37,
    "fields": {
        "building": 2,
        "date": "2023-04-20",
        "garbage_type": "GLS"
    }
},
{
    "model": "base.garbagecollection",
    "pk": 38,
    "fields": {
        "building": 2,
        "date": "2023-04-21",
        "garbage_type": "PAP"
    }
},
{
    "model": "base.garbagecollection",
    "pk": 39,
    "fields": {
        "building": 2,
        "date": "2023-04-21",
        "garbage_type": "PMD"
    }
},
{
    "model": "base.garbagecollection",
    "pk": 40,
    "fields": {
        "building": 11,
        "date": "2023-04-21",
        "garbage_type": "RES"
    }
},
{
    "model": "base.garbagecollection",
    "pk": 41,
    "fields": {
        "building": 11,
        "date": "2023-04-20",
        "garbage_type": "GFT"
    }
},
{
    "model": "base.garbagecollection",
    "pk": 42,
    "fields": {
        "building": 11,
        "date": "2023-04-21",
        "garbage_type": "PMD"
    }
},
{
    "model": "base.garbagecollection",
    "pk": 43,
    "fields": {
        "building": 12,
        "date": "2023-04-20",
        "garbage_type": "GLS"
    }
},
{
    "model": "base.garbagecollection",
    "pk": 44,
    "fields": {
        "building": 12,
        "date": "2023-04-21",
        "garbage_type": "PMD"
    }
},
{
    "model": "base.garbagecollection",
    "pk": 45,
    "fields": {
        "building": 12,
        "date": "2023-04-21",
        "garbage_type": "RES"
    }
},
{
    "model": "base.garbagecollection",
    "pk": 46,
    "fields": {
        "building": 13,
        "date": "2023-04-21",
        "garbage_type": "RES"
    }
},
{
    "model": "base.garbagecollection",
    "pk": 47,
    "fields": {
        "building": 13,
        "date": "2023-04-20",
        "garbage_type": "PAP"
    }
},
{
    "model": "base.garbagecollection",
    "pk": 48,
    "fields": {
        "building": 13,
        "date": "2023-04-21",
        "garbage_type": "GRF"
    }
},
{
    "model": "base.garbagecollection",
    "pk": 49,
    "fields": {
        "building": 20,
        "date": "2023-04-20",
        "garbage_type": "GRF"
    }
},
{
    "model": "base.garbagecollection",
    "pk": 50,
    "fields": {
        "building": 19,
        "date": "2023-04-21",
        "garbage_type": "RES"
    }
},
{
    "model": "base.garbagecollection",
    "pk": 51,
    "fields": {
        "building": 20,
        "date": "2023-04-21",
        "garbage_type": "GLS"
    }
},
{
    "model": "base.garbagecollection",
    "pk": 52,
    "fields": {
        "building": 21,
        "date": "2023-04-21",
        "garbage_type": "GFT"
    }
},
{
    "model": "base.garbagecollection",
    "pk": 53,
    "fields": {
        "building": 21,
        "date": "2023-04-20",
        "garbage_type": "GLS"
    }
},
{
    "model": "base.garbagecollection",
    "pk": 54,
    "fields": {
        "building": 20,
        "date": "2023-04-21",
        "garbage_type": "GFT"
    }
},
{
    "model": "base.tour",
    "pk": 1,
    "fields": {
        "name": "Centrum",
        "region": 1,
        "modified_at": "2023-03-08T11:08:29Z"
    }
},
{
    "model": "base.tour",
    "pk": 2,
    "fields": {
        "name": "Grote Markt",
        "region": 2,
        "modified_at": "2023-03-08T11:08:45Z"
    }
},
{
    "model": "base.tour",
    "pk": 3,
    "fields": {
        "name": "UGent Campussen",
        "region": 1,
        "modified_at": "2023-03-08T14:58:43Z"
    }
},
{
    "model": "base.tour",
    "pk": 4,
    "fields": {
        "name": "UAntwerpen Campussen",
        "region": 2,
        "modified_at": "2023-03-08T15:00:25Z"
    }
},
{
    "model": "base.buildingontour",
    "pk": 1,
    "fields": {
        "tour": 2,
        "building": 1,
        "index": 1
    }
},
{
    "model": "base.buildingontour",
    "pk": 2,
    "fields": {
        "tour": 1,
        "building": 2,
        "index": 1
    }
},
{
    "model": "base.buildingontour",
    "pk": 3,
    "fields": {
        "tour": 4,
        "building": 3,
        "index": 1
    }
},
{
    "model": "base.buildingontour",
    "pk": 4,
    "fields": {
        "tour": 4,
        "building": 4,
        "index": 2
    }
},
{
    "model": "base.buildingontour",
    "pk": 5,
    "fields": {
        "tour": 4,
        "building": 5,
        "index": 3
    }
},
{
    "model": "base.buildingontour",
    "pk": 6,
    "fields": {
        "tour": 4,
        "building": 6,
        "index": 4
    }
},
{
    "model": "base.buildingontour",
    "pk": 7,
    "fields": {
        "tour": 3,
        "building": 7,
        "index": 1
    }
},
{
    "model": "base.buildingontour",
    "pk": 8,
    "fields": {
        "tour": 3,
        "building": 10,
        "index": 2
    }
},
{
    "model": "base.buildingontour",
    "pk": 9,
    "fields": {
        "tour": 3,
        "building": 9,
        "index": 3
    }
},
{
    "model": "base.buildingontour",
    "pk": 10,
    "fields": {
        "tour": 3,
        "building": 8,
        "index": 4
    }
},
{
    "model": "base.buildingontour",
    "pk": 11,
    "fields": {
        "tour": 1,
        "building": 11,
        "index": 2
    }
},
{
    "model": "base.buildingontour",
    "pk": 12,
    "fields": {
        "tour": 1,
        "building": 12,
        "index": 3
    }
},
{
    "model": "base.buildingontour",
    "pk": 13,
    "fields": {
        "tour": 1,
        "building": 13,
        "index": 4
    }
},
{
    "model": "base.buildingontour",
    "pk": 14,
    "fields": {
        "tour": 2,
        "building": 14,
        "index": 2
    }
},
{
    "model": "base.buildingontour",
    "pk": 15,
    "fields": {
        "tour": 2,
        "building": 15,
        "index": 3
    }
},
{
    "model": "base.buildingontour",
    "pk": 16,
    "fields": {
        "tour": 2,
        "building": 16,
        "index": 4
    }
},
{
    "model": "base.emailtemplate",
    "pk": 1,
    "fields": {
        "name": "Containers 404",
        "template": "Beste,\r\n\r\n\r\nDrTrottoir kon uw containers niet buitenzetten, omdat deze niet op de afgesproken plaats stonden.\r\n\r\nSurf naar de link van uw gebouw om de foto's te raadplegen.\r\n\r\n\r\nMet vriendelijke groeten,\r\nTeam DrTrottoir"
    }
},
{
    "model": "base.emailtemplate",
    "pk": 2,
    "fields": {
        "name": "Staking IVAGO",
        "template": "Beste,\r\n\r\n\r\nZoals u wellicht al vernomen hebt, staken de vuilnismannen -en vrouwen van IVAGO.\r\n\r\nDrTrottoir zal dus uitzonderlijk niet langskomen om uw containers buiten te zetten.\r\n\r\n\r\nMet vriendelijke groeten,\r\nDrTrottoir"
    }
},
{
    "model": "token_blacklist.outstandingtoken",
    "pk": 1,
    "fields": {
        "user": null,
        "jti": "a195fc2e7bd2401ea22fda9d83850779",
        "token": "eyJhbGciOiJIUzI1NiIsInR5cCI6IkpXVCJ9.eyJ0b2tlbl90eXBlIjoicmVmcmVzaCIsImV4cCI6MTY3OTQ4Mjg3NCwiaWF0IjoxNjc4MjczMjc0LCJqdGkiOiJhMTk1ZmMyZTdiZDI0MDFlYTIyZmRhOWQ4Mzg1MDc3OSIsInVzZXJfaWQiOjJ9.IMc_u4M0O-eOhmj0VneNZV6rob68vbdzBDKTyvPtu38",
        "created_at": "2023-03-08T11:01:14.548Z",
        "expires_at": "2023-03-22T11:01:14Z"
    }
},
{
    "model": "token_blacklist.outstandingtoken",
    "pk": 2,
    "fields": {
        "user": null,
        "jti": "124b7a3ac2654ad7b22d5dadee830693",
        "token": "eyJhbGciOiJIUzI1NiIsInR5cCI6IkpXVCJ9.eyJ0b2tlbl90eXBlIjoicmVmcmVzaCIsImV4cCI6MTY3OTQ4Mjg5NCwiaWF0IjoxNjc4MjczMjk0LCJqdGkiOiIxMjRiN2EzYWMyNjU0YWQ3YjIyZDVkYWRlZTgzMDY5MyIsInVzZXJfaWQiOjN9._jd_jI10naYOQdIxGp3nSsacPaQN1CblJiMO_42MmNU",
        "created_at": "2023-03-08T11:01:34.702Z",
        "expires_at": "2023-03-22T11:01:34Z"
    }
},
{
    "model": "token_blacklist.outstandingtoken",
    "pk": 3,
    "fields": {
        "user": null,
        "jti": "d3825c9a4f074327a9f6832a9b54743a",
        "token": "eyJhbGciOiJIUzI1NiIsInR5cCI6IkpXVCJ9.eyJ0b2tlbl90eXBlIjoicmVmcmVzaCIsImV4cCI6MTY3OTQ4MjkxOSwiaWF0IjoxNjc4MjczMzE5LCJqdGkiOiJkMzgyNWM5YTRmMDc0MzI3YTlmNjgzMmE5YjU0NzQzYSIsInVzZXJfaWQiOjR9.vM_cNpsJPBy21_4c_XCaFuZvHAFJU-z9k2TJj0xUr3E",
        "created_at": "2023-03-08T11:01:59.707Z",
        "expires_at": "2023-03-22T11:01:59Z"
    }
},
{
    "model": "token_blacklist.outstandingtoken",
    "pk": 4,
    "fields": {
        "user": null,
        "jti": "20286babfa6a4c768f6edb4ab9da6fe7",
        "token": "eyJhbGciOiJIUzI1NiIsInR5cCI6IkpXVCJ9.eyJ0b2tlbl90eXBlIjoicmVmcmVzaCIsImV4cCI6MTY3OTQ4Mjk1MSwiaWF0IjoxNjc4MjczMzUxLCJqdGkiOiIyMDI4NmJhYmZhNmE0Yzc2OGY2ZWRiNGFiOWRhNmZlNyIsInVzZXJfaWQiOjV9.wb468ciVP-CLyIy7w6Q4ivAIcXCszLPTG-yJWvdOwHA",
        "created_at": "2023-03-08T11:02:31.902Z",
        "expires_at": "2023-03-22T11:02:31Z"
    }
},
{
    "model": "token_blacklist.outstandingtoken",
    "pk": 5,
    "fields": {
        "user": null,
        "jti": "60594ba953c1489fb4863d17006bfe11",
        "token": "eyJhbGciOiJIUzI1NiIsInR5cCI6IkpXVCJ9.eyJ0b2tlbl90eXBlIjoicmVmcmVzaCIsImV4cCI6MTY3OTQ4Mjk4MywiaWF0IjoxNjc4MjczMzgzLCJqdGkiOiI2MDU5NGJhOTUzYzE0ODlmYjQ4NjNkMTcwMDZiZmUxMSIsInVzZXJfaWQiOjZ9.MgyQe0yLxpXzzORVabq_kEwykczAxqfwaBg-e1Qw79Q",
        "created_at": "2023-03-08T11:03:03.395Z",
        "expires_at": "2023-03-22T11:03:03Z"
    }
},
{
    "model": "token_blacklist.outstandingtoken",
    "pk": 6,
    "fields": {
        "user": null,
        "jti": "c042eb4d94b645d7a8cd71baf5146499",
        "token": "eyJhbGciOiJIUzI1NiIsInR5cCI6IkpXVCJ9.eyJ0b2tlbl90eXBlIjoicmVmcmVzaCIsImV4cCI6MTY3OTQ5NTA1NywiaWF0IjoxNjc4Mjg1NDU3LCJqdGkiOiJjMDQyZWI0ZDk0YjY0NWQ3YThjZDcxYmFmNTE0NjQ5OSIsInVzZXJfaWQiOjl9.U2BKOI0JwBMEXTsf-C6WTIELmEh_HAb6ytvhq2Owpx0",
        "created_at": "2023-03-08T14:24:17.841Z",
        "expires_at": "2023-03-22T14:24:17Z"
    }
},
{
    "model": "token_blacklist.outstandingtoken",
    "pk": 7,
    "fields": {
        "user": [
            "sylvie@test.com"
        ],
        "jti": "4ab2f439d29447c69548af90a355e5cb",
        "token": "eyJhbGciOiJIUzI1NiIsInR5cCI6IkpXVCJ9.eyJ0b2tlbl90eXBlIjoicmVmcmVzaCIsImV4cCI6MTY3OTQ5NTE2OCwiaWF0IjoxNjc4Mjg1NTY4LCJqdGkiOiI0YWIyZjQzOWQyOTQ0N2M2OTU0OGFmOTBhMzU1ZTVjYiIsInVzZXJfaWQiOjEwfQ.oM3ymBpn09bo2rnzCMt3A77EvLAvDYLbPpPQojWxfIk",
        "created_at": "2023-03-08T14:26:08.612Z",
        "expires_at": "2023-03-22T14:26:08Z"
    }
},
{
    "model": "token_blacklist.outstandingtoken",
    "pk": 8,
    "fields": {
        "user": [
            "sydney@test.com"
        ],
        "jti": "2e612182bf5a46f7a51e95ac26c68510",
        "token": "eyJhbGciOiJIUzI1NiIsInR5cCI6IkpXVCJ9.eyJ0b2tlbl90eXBlIjoicmVmcmVzaCIsImV4cCI6MTY3OTQ5NTE5NCwiaWF0IjoxNjc4Mjg1NTk0LCJqdGkiOiIyZTYxMjE4MmJmNWE0NmY3YTUxZTk1YWMyNmM2ODUxMCIsInVzZXJfaWQiOjExfQ.jgWA0qnic42iOQu4l8Ybiq00j1KnC_Te3bGs6eNY0AY",
        "created_at": "2023-03-08T14:26:34.597Z",
        "expires_at": "2023-03-22T14:26:34Z"
    }
},
{
    "model": "token_blacklist.outstandingtoken",
    "pk": 9,
    "fields": {
        "user": [
            "sylvano@test.com"
        ],
        "jti": "1da1f96e125a4da590458f2a5b736d99",
        "token": "eyJhbGciOiJIUzI1NiIsInR5cCI6IkpXVCJ9.eyJ0b2tlbl90eXBlIjoicmVmcmVzaCIsImV4cCI6MTY3OTQ5NTIyNywiaWF0IjoxNjc4Mjg1NjI3LCJqdGkiOiIxZGExZjk2ZTEyNWE0ZGE1OTA0NThmMmE1YjczNmQ5OSIsInVzZXJfaWQiOjEyfQ.IFuNLKM5_lgvT8qS7zN3YjtgQrWptAUriGRfYX5Qekc",
        "created_at": "2023-03-08T14:27:07.841Z",
        "expires_at": "2023-03-22T14:27:07Z"
    }
},
{
    "model": "token_blacklist.outstandingtoken",
    "pk": 10,
    "fields": {
        "user": [
            "sylke@test.com"
        ],
        "jti": "377080a0df7140f29579dbb3eecb48f2",
        "token": "eyJhbGciOiJIUzI1NiIsInR5cCI6IkpXVCJ9.eyJ0b2tlbl90eXBlIjoicmVmcmVzaCIsImV4cCI6MTY3OTQ5NTI5NCwiaWF0IjoxNjc4Mjg1Njk0LCJqdGkiOiIzNzcwODBhMGRmNzE0MGYyOTU3OWRiYjNlZWNiNDhmMiIsInVzZXJfaWQiOjEzfQ.wV9vluo6_mWT5LY2pivTYrNfkybOk_hoP5Us1ilqF2c",
        "created_at": "2023-03-08T14:28:14.826Z",
        "expires_at": "2023-03-22T14:28:14Z"
    }
},
{
    "model": "token_blacklist.outstandingtoken",
    "pk": 11,
    "fields": {
        "user": [
            "sylvian@test.com"
        ],
        "jti": "963cc291d9e04d39a3f53a45fd9c69cd",
        "token": "eyJhbGciOiJIUzI1NiIsInR5cCI6IkpXVCJ9.eyJ0b2tlbl90eXBlIjoicmVmcmVzaCIsImV4cCI6MTY3OTQ5NTMyMCwiaWF0IjoxNjc4Mjg1NzIwLCJqdGkiOiI5NjNjYzI5MWQ5ZTA0ZDM5YTNmNTNhNDVmZDljNjljZCIsInVzZXJfaWQiOjE0fQ.pJo4Epw9pSOgRfIuVCQOQRcgTqT8fRYogO1wwDgps3A",
        "created_at": "2023-03-08T14:28:40.954Z",
        "expires_at": "2023-03-22T14:28:40Z"
    }
},
{
    "model": "token_blacklist.outstandingtoken",
    "pk": 12,
    "fields": {
        "user": [
            "stijn@test.com"
        ],
        "jti": "6147874370d048ceabb9f4afcfc59435",
        "token": "eyJhbGciOiJIUzI1NiIsInR5cCI6IkpXVCJ9.eyJ0b2tlbl90eXBlIjoicmVmcmVzaCIsImV4cCI6MTY3OTQ5NTQyMiwiaWF0IjoxNjc4Mjg1ODIyLCJqdGkiOiI2MTQ3ODc0MzcwZDA0OGNlYWJiOWY0YWZjZmM1OTQzNSIsInVzZXJfaWQiOjE1fQ.8XdyTyAvDEm-g8esb3yQ5SQ-5VU6CtFmDd8IN38sUUc",
        "created_at": "2023-03-08T14:30:22.517Z",
        "expires_at": "2023-03-22T14:30:22Z"
    }
},
{
    "model": "token_blacklist.outstandingtoken",
    "pk": 13,
    "fields": {
        "user": [
            "stef@test.com"
        ],
        "jti": "b5ae6145cfa141a5ae493757037b0e54",
        "token": "eyJhbGciOiJIUzI1NiIsInR5cCI6IkpXVCJ9.eyJ0b2tlbl90eXBlIjoicmVmcmVzaCIsImV4cCI6MTY3OTQ5NTQ0MCwiaWF0IjoxNjc4Mjg1ODQwLCJqdGkiOiJiNWFlNjE0NWNmYTE0MWE1YWU0OTM3NTcwMzdiMGU1NCIsInVzZXJfaWQiOjE2fQ.9Wv_nnNIhwHnze5R4e7l5b0yAtu6-boThkyBrm-FGn0",
        "created_at": "2023-03-08T14:30:40.211Z",
        "expires_at": "2023-03-22T14:30:40Z"
    }
},
{
    "model": "token_blacklist.outstandingtoken",
    "pk": 14,
    "fields": {
        "user": [
            "stephan@test.com"
        ],
        "jti": "308752884b9440fd83161f3f5909b6e0",
        "token": "eyJhbGciOiJIUzI1NiIsInR5cCI6IkpXVCJ9.eyJ0b2tlbl90eXBlIjoicmVmcmVzaCIsImV4cCI6MTY3OTQ5NTQ1OCwiaWF0IjoxNjc4Mjg1ODU4LCJqdGkiOiIzMDg3NTI4ODRiOTQ0MGZkODMxNjFmM2Y1OTA5YjZlMCIsInVzZXJfaWQiOjE3fQ.P_Pm-MAB_61mtte7FI-pDuOe-OLsKQRh7GF0UBCdTfc",
        "created_at": "2023-03-08T14:30:58.838Z",
        "expires_at": "2023-03-22T14:30:58Z"
    }
},
{
    "model": "token_blacklist.outstandingtoken",
    "pk": 15,
    "fields": {
        "user": [
            "steven@test.com"
        ],
        "jti": "24b5f64eb7644115941a8c47dcedc5f6",
        "token": "eyJhbGciOiJIUzI1NiIsInR5cCI6IkpXVCJ9.eyJ0b2tlbl90eXBlIjoicmVmcmVzaCIsImV4cCI6MTY3OTQ5NTQ3MiwiaWF0IjoxNjc4Mjg1ODcyLCJqdGkiOiIyNGI1ZjY0ZWI3NjQ0MTE1OTQxYThjNDdkY2VkYzVmNiIsInVzZXJfaWQiOjE4fQ.knK-9OnU552iq0uX6rnSyazUrqe6g74hqHTVrtoUyU8",
        "created_at": "2023-03-08T14:31:12.014Z",
        "expires_at": "2023-03-22T14:31:12Z"
    }
},
{
    "model": "token_blacklist.outstandingtoken",
    "pk": 16,
    "fields": {
        "user": [
            "sten@test.com"
        ],
        "jti": "b9fcab5ea226443a838d441716680d8f",
        "token": "eyJhbGciOiJIUzI1NiIsInR5cCI6IkpXVCJ9.eyJ0b2tlbl90eXBlIjoicmVmcmVzaCIsImV4cCI6MTY3OTQ5NTUyOSwiaWF0IjoxNjc4Mjg1OTI5LCJqdGkiOiJiOWZjYWI1ZWEyMjY0NDNhODM4ZDQ0MTcxNjY4MGQ4ZiIsInVzZXJfaWQiOjE5fQ.UvCX27kD696LrcvTSVPnFutCvdtsYFqtfxTnujuPrtE",
        "created_at": "2023-03-08T14:32:09.596Z",
        "expires_at": "2023-03-22T14:32:09Z"
    }
},
{
    "model": "token_blacklist.outstandingtoken",
    "pk": 17,
    "fields": {
        "user": [
            "sterre@test.com"
        ],
        "jti": "e7fcbaf80f1849f49e3f11a8abcded05",
        "token": "eyJhbGciOiJIUzI1NiIsInR5cCI6IkpXVCJ9.eyJ0b2tlbl90eXBlIjoicmVmcmVzaCIsImV4cCI6MTY3OTQ5NTU1NSwiaWF0IjoxNjc4Mjg1OTU1LCJqdGkiOiJlN2ZjYmFmODBmMTg0OWY0OWUzZjExYThhYmNkZWQwNSIsInVzZXJfaWQiOjIwfQ.HyvubS-t_6fJbwUHgF7GBNPkk9kxjDR4HTMtcDSFsv8",
        "created_at": "2023-03-08T14:32:35.987Z",
        "expires_at": "2023-03-22T14:32:35Z"
    }
},
{
    "model": "token_blacklist.outstandingtoken",
    "pk": 18,
    "fields": {
        "user": [
            "stella@test.com"
        ],
        "jti": "40c145cd228e46be933bb9b9ddcffa3d",
        "token": "eyJhbGciOiJIUzI1NiIsInR5cCI6IkpXVCJ9.eyJ0b2tlbl90eXBlIjoicmVmcmVzaCIsImV4cCI6MTY3OTQ5NTU2NiwiaWF0IjoxNjc4Mjg1OTY2LCJqdGkiOiI0MGMxNDVjZDIyOGU0NmJlOTMzYmI5YjlkZGNmZmEzZCIsInVzZXJfaWQiOjIxfQ.9a9GA52XeD1zydw_x-z1im6adxF_jkEdNMPbQ0JhM-0",
        "created_at": "2023-03-08T14:32:46.714Z",
        "expires_at": "2023-03-22T14:32:46Z"
    }
},
{
    "model": "token_blacklist.outstandingtoken",
    "pk": 19,
    "fields": {
        "user": [
            "stefanie@test.com"
        ],
        "jti": "a6c62e0c636b4decb04ce7ca1fd35701",
        "token": "eyJhbGciOiJIUzI1NiIsInR5cCI6IkpXVCJ9.eyJ0b2tlbl90eXBlIjoicmVmcmVzaCIsImV4cCI6MTY3OTQ5NTU3OCwiaWF0IjoxNjc4Mjg1OTc4LCJqdGkiOiJhNmM2MmUwYzYzNmI0ZGVjYjA0Y2U3Y2ExZmQzNTcwMSIsInVzZXJfaWQiOjIyfQ.MblWl6od8iazAFtPi4G0iMqq5xnFslYeXHnDwFO3S4k",
        "created_at": "2023-03-08T14:32:58.534Z",
        "expires_at": "2023-03-22T14:32:58Z"
    }
},
{
    "model": "token_blacklist.outstandingtoken",
    "pk": 20,
    "fields": {
        "user": [
            "stacey@test.com"
        ],
        "jti": "85b0bb691b174c83a56dda7d3fd89e1f",
        "token": "eyJhbGciOiJIUzI1NiIsInR5cCI6IkpXVCJ9.eyJ0b2tlbl90eXBlIjoicmVmcmVzaCIsImV4cCI6MTY3OTQ5NTU4NywiaWF0IjoxNjc4Mjg1OTg3LCJqdGkiOiI4NWIwYmI2OTFiMTc0YzgzYTU2ZGRhN2QzZmQ4OWUxZiIsInVzZXJfaWQiOjIzfQ.OHhanYOT4P2MrNpADE7no77z2gwwZzt0dLOAuqXtgs4",
        "created_at": "2023-03-08T14:33:07.333Z",
        "expires_at": "2023-03-22T14:33:07Z"
    }
},
{
    "model": "token_blacklist.outstandingtoken",
    "pk": 21,
    "fields": {
        "user": [
            "stanford@test.com"
        ],
        "jti": "e84cba91f5884f39a739f2c6b4722f49",
        "token": "eyJhbGciOiJIUzI1NiIsInR5cCI6IkpXVCJ9.eyJ0b2tlbl90eXBlIjoicmVmcmVzaCIsImV4cCI6MTY3OTQ5NTYxNCwiaWF0IjoxNjc4Mjg2MDE0LCJqdGkiOiJlODRjYmE5MWY1ODg0ZjM5YTczOWYyYzZiNDcyMmY0OSIsInVzZXJfaWQiOjI0fQ.JtZW4qCLy75mn0PUlT0vBBvadZAA2WE2Kj5OFGIfwO4",
        "created_at": "2023-03-08T14:33:34.698Z",
        "expires_at": "2023-03-22T14:33:34Z"
    }
},
{
    "model": "token_blacklist.outstandingtoken",
    "pk": 22,
    "fields": {
        "user": [
            "adam@test.com"
        ],
        "jti": "2fc08fcb734444ce90373ae1aa5fdee1",
        "token": "eyJhbGciOiJIUzI1NiIsInR5cCI6IkpXVCJ9.eyJ0b2tlbl90eXBlIjoicmVmcmVzaCIsImV4cCI6MTY3OTQ5NTY2MSwiaWF0IjoxNjc4Mjg2MDYxLCJqdGkiOiIyZmMwOGZjYjczNDQ0NGNlOTAzNzNhZTFhYTVmZGVlMSIsInVzZXJfaWQiOjI1fQ.-NZGL_xv2UB9ZT_HNF1rorE6tWOesLdSWyUpoCyQVE0",
        "created_at": "2023-03-08T14:34:21.094Z",
        "expires_at": "2023-03-22T14:34:21Z"
    }
},
{
    "model": "token_blacklist.outstandingtoken",
    "pk": 23,
    "fields": {
        "user": [
            "adriana@test.com"
        ],
        "jti": "4cfc52595ae84432b14dc3b73f82ba82",
        "token": "eyJhbGciOiJIUzI1NiIsInR5cCI6IkpXVCJ9.eyJ0b2tlbl90eXBlIjoicmVmcmVzaCIsImV4cCI6MTY3OTQ5NTY3OCwiaWF0IjoxNjc4Mjg2MDc4LCJqdGkiOiI0Y2ZjNTI1OTVhZTg0NDMyYjE0ZGMzYjczZjgyYmE4MiIsInVzZXJfaWQiOjI2fQ.3giXy0wnqJKJcIqzP0ah0I4Sx1qyUpxg1dHADqZwqV4",
        "created_at": "2023-03-08T14:34:38.110Z",
        "expires_at": "2023-03-22T14:34:38Z"
    }
},
{
    "model": "token_blacklist.outstandingtoken",
    "pk": 24,
    "fields": {
        "user": [
            "adelynn@test.com"
        ],
        "jti": "97dd0984f89145a3a8922a8be966ef8b",
        "token": "eyJhbGciOiJIUzI1NiIsInR5cCI6IkpXVCJ9.eyJ0b2tlbl90eXBlIjoicmVmcmVzaCIsImV4cCI6MTY3OTQ5NTY5NSwiaWF0IjoxNjc4Mjg2MDk1LCJqdGkiOiI5N2RkMDk4NGY4OTE0NWEzYTg5MjJhOGJlOTY2ZWY4YiIsInVzZXJfaWQiOjI3fQ.hydG56Tt0FUBrj3ZtBjUmoZDc0uUMCzIuGdZAFVWJgg",
        "created_at": "2023-03-08T14:34:55.119Z",
        "expires_at": "2023-03-22T14:34:55Z"
    }
},
{
    "model": "token_blacklist.outstandingtoken",
    "pk": 25,
    "fields": {
        "user": [
            "suzanne@test.com"
        ],
        "jti": "fc20b2f7faa0406791a40fadb3133379",
        "token": "eyJhbGciOiJIUzI1NiIsInR5cCI6IkpXVCJ9.eyJ0b2tlbl90eXBlIjoicmVmcmVzaCIsImV4cCI6MTY3OTQ5NTc1NiwiaWF0IjoxNjc4Mjg2MTU2LCJqdGkiOiJmYzIwYjJmN2ZhYTA0MDY3OTFhNDBmYWRiMzEzMzM3OSIsInVzZXJfaWQiOjI4fQ.CoG0GmLBBtjIegZtXYXYMzS-zF2DOyyq88RcTw8i4qk",
        "created_at": "2023-03-08T14:35:56.735Z",
        "expires_at": "2023-03-22T14:35:56Z"
    }
},
{
    "model": "token_blacklist.outstandingtoken",
    "pk": 26,
    "fields": {
        "user": [
            "suzy@test.com"
        ],
        "jti": "b98bf339f03b4ce3ac09cf74de0f4bd8",
        "token": "eyJhbGciOiJIUzI1NiIsInR5cCI6IkpXVCJ9.eyJ0b2tlbl90eXBlIjoicmVmcmVzaCIsImV4cCI6MTY3OTQ5NTc2NiwiaWF0IjoxNjc4Mjg2MTY2LCJqdGkiOiJiOThiZjMzOWYwM2I0Y2UzYWMwOWNmNzRkZTBmNGJkOCIsInVzZXJfaWQiOjI5fQ.Wz7A4peU8Gm4wbBwSuy4UR64gjCsNdq1fISKY32sXeo",
        "created_at": "2023-03-08T14:36:06.872Z",
        "expires_at": "2023-03-22T14:36:06Z"
    }
},
{
    "model": "token_blacklist.outstandingtoken",
    "pk": 27,
    "fields": {
        "user": [
            "suffried@test.com"
        ],
        "jti": "38ea075775b2466ebba75dc29755d907",
        "token": "eyJhbGciOiJIUzI1NiIsInR5cCI6IkpXVCJ9.eyJ0b2tlbl90eXBlIjoicmVmcmVzaCIsImV4cCI6MTY3OTQ5NTc4NCwiaWF0IjoxNjc4Mjg2MTg0LCJqdGkiOiIzOGVhMDc1Nzc1YjI0NjZlYmJhNzVkYzI5NzU1ZDkwNyIsInVzZXJfaWQiOjMwfQ.IS2yXOas30zm5sdmI_AW2lS-T6dgH4SGq1dVdRRHFK8",
        "created_at": "2023-03-08T14:36:24.676Z",
        "expires_at": "2023-03-22T14:36:24Z"
    }
},
{
    "model": "token_blacklist.outstandingtoken",
    "pk": 28,
    "fields": {
        "user": [
            "sylvie@test.com"
        ],
        "jti": "ccdc94390f1d4550bcc2ad0c8f865cd1",
        "token": "eyJhbGciOiJIUzI1NiIsInR5cCI6IkpXVCJ9.eyJ0b2tlbl90eXBlIjoicmVmcmVzaCIsImV4cCI6MTY4MDU2ODEzNSwiaWF0IjoxNjc5MzU4NTM1LCJqdGkiOiJjY2RjOTQzOTBmMWQ0NTUwYmNjMmFkMGM4Zjg2NWNkMSIsInVzZXJfaWQiOjF9.LenPBPEnciTrlXq1kAmfQXGRLB5FKufpWsjX_UZpaQ8",
        "created_at": "2023-03-21T00:28:55.421Z",
        "expires_at": "2023-04-04T00:28:55Z"
    }
},
{
    "model": "token_blacklist.outstandingtoken",
    "pk": 29,
    "fields": {
        "user": [
            "sylvie@test.com"
        ],
        "jti": "c3e5abaa82054f04b5439a23267fc253",
        "token": "eyJhbGciOiJIUzI1NiIsInR5cCI6IkpXVCJ9.eyJ0b2tlbl90eXBlIjoicmVmcmVzaCIsImV4cCI6MTY4MDY0MzA2NiwiaWF0IjoxNjc5NDMzNDY2LCJqdGkiOiJjM2U1YWJhYTgyMDU0ZjA0YjU0MzlhMjMyNjdmYzI1MyIsInVzZXJfaWQiOjF9.3XQU_aE62t3bmdibCK7WNlnwdjr7x4r_Q5RSX_og1sk",
        "created_at": "2023-03-21T21:17:46.133Z",
        "expires_at": "2023-04-04T21:17:46Z"
    }
},
{
    "model": "token_blacklist.outstandingtoken",
    "pk": 30,
    "fields": {
        "user": [
            "adam@test.com"
        ],
        "jti": "df1ee19d62bf4198bb3c8452e25d2d76",
        "token": "eyJhbGciOiJIUzI1NiIsInR5cCI6IkpXVCJ9.eyJ0b2tlbl90eXBlIjoicmVmcmVzaCIsImV4cCI6MTY4MDY0MzA4MCwiaWF0IjoxNjc5NDMzNDgwLCJqdGkiOiJkZjFlZTE5ZDYyYmY0MTk4YmIzYzg0NTJlMjVkMmQ3NiIsInVzZXJfaWQiOjE2fQ.-eO__dlpMIMmWhQvixeWRmuT9b5kIJBMb-erHLL_XD0",
        "created_at": "2023-03-21T21:18:00.599Z",
        "expires_at": "2023-04-04T21:18:00Z"
    }
},
{
    "model": "token_blacklist.outstandingtoken",
    "pk": 31,
    "fields": {
        "user": [
            "adam@test.com"
        ],
        "jti": "d612262953224410813b5a09741ded52",
        "token": "eyJhbGciOiJIUzI1NiIsInR5cCI6IkpXVCJ9.eyJ0b2tlbl90eXBlIjoicmVmcmVzaCIsImV4cCI6MTY4MDY0MzQ3NiwiaWF0IjoxNjc5NDMzODc2LCJqdGkiOiJkNjEyMjYyOTUzMjI0NDEwODEzYjVhMDk3NDFkZWQ1MiIsInVzZXJfaWQiOjE2fQ.dgwAs6gdTLDBBzFJvinX8UL8IfnV3q4e9uyDp3m21_A",
        "created_at": "2023-03-21T21:24:36.630Z",
        "expires_at": "2023-04-04T21:24:36Z"
    }
},
{
    "model": "token_blacklist.outstandingtoken",
    "pk": 32,
    "fields": {
        "user": [
            "adam@test.com"
        ],
        "jti": "b56cac5faf034716b8279e108b191f66",
        "token": "eyJhbGciOiJIUzI1NiIsInR5cCI6IkpXVCJ9.eyJ0b2tlbl90eXBlIjoicmVmcmVzaCIsImV4cCI6MTY4MDY0MzgzOCwiaWF0IjoxNjc5NDM0MjM4LCJqdGkiOiJiNTZjYWM1ZmFmMDM0NzE2YjgyNzllMTA4YjE5MWY2NiIsInVzZXJfaWQiOjE2fQ.lMPCJFeq6nhiHQKPqe6LAePADl3u0K1yvVUKVvdhHGA",
        "created_at": "2023-03-21T21:30:38.025Z",
        "expires_at": "2023-04-04T21:30:38Z"
    }
},
{
    "model": "token_blacklist.outstandingtoken",
    "pk": 33,
    "fields": {
        "user": [
            "adam@test.com"
        ],
        "jti": "ea3f7105db9c4ae9b32d3b0ceecda88d",
        "token": "eyJhbGciOiJIUzI1NiIsInR5cCI6IkpXVCJ9.eyJ0b2tlbl90eXBlIjoicmVmcmVzaCIsImV4cCI6MTY4MDY0NDkxMCwiaWF0IjoxNjc5NDM1MzEwLCJqdGkiOiJlYTNmNzEwNWRiOWM0YWU5YjMyZDNiMGNlZWNkYTg4ZCIsInVzZXJfaWQiOjE2fQ.2MZq4Ga59WAki1DhEE7zaSSdG3JpyWLM4HVU4hAdatM",
        "created_at": "2023-03-21T21:48:30.315Z",
        "expires_at": "2023-04-04T21:48:30Z"
    }
},
{
    "model": "token_blacklist.outstandingtoken",
    "pk": 34,
    "fields": {
        "user": null,
        "jti": "9f80b37288c647ecbfb7b10186a1f089",
        "token": "eyJhbGciOiJIUzI1NiIsInR5cCI6IkpXVCJ9.eyJ0b2tlbl90eXBlIjoicmVmcmVzaCIsImV4cCI6MTY4MzEyMzk1MCwiaWF0IjoxNjgxOTE0MzUwLCJqdGkiOiI5ZjgwYjM3Mjg4YzY0N2VjYmZiN2IxMDE4NmExZjA4OSIsInVzZXJfaWQiOjIyfQ.t_CR_oTjr7QtSheatUHZVSx6N86_6mUjCI0fDBOI4bA",
        "created_at": null,
        "expires_at": "2023-05-03T14:25:50Z"
    }
},
{
    "model": "token_blacklist.outstandingtoken",
    "pk": 35,
    "fields": {
        "user": [
            "admin@test.com"
        ],
        "jti": "d266ea7deb4841c785e30671ab58305d",
        "token": "eyJhbGciOiJIUzI1NiIsInR5cCI6IkpXVCJ9.eyJ0b2tlbl90eXBlIjoicmVmcmVzaCIsImV4cCI6MTY4MzE0ODM2MywiaWF0IjoxNjgxOTM4NzYzLCJqdGkiOiJkMjY2ZWE3ZGViNDg0MWM3ODVlMzA2NzFhYjU4MzA1ZCIsInVzZXJfaWQiOjIyfQ.xaQM7YuHnX351zrPUFDHbGnI3qPdSgjWiaF7RoFhttI",
        "created_at": "2023-04-19T21:12:43.109Z",
        "expires_at": "2023-05-03T21:12:43Z"
    }
},
{
    "model": "token_blacklist.outstandingtoken",
    "pk": 36,
    "fields": {
        "user": null,
        "jti": "ad334926ec58460f95c3f5ed6bce4b70",
        "token": "eyJhbGciOiJIUzI1NiIsInR5cCI6IkpXVCJ9.eyJ0b2tlbl90eXBlIjoicmVmcmVzaCIsImV4cCI6MTY4MzE0NTgyMSwiaWF0IjoxNjgxOTM2MjIxLCJqdGkiOiJhZDMzNDkyNmVjNTg0NjBmOTVjM2Y1ZWQ2YmNlNGI3MCIsInVzZXJfaWQiOjIyfQ.20pmj0RkoDXo-sdu_QkhHnxJmlZUwmkciWKrOgijmTU",
        "created_at": null,
        "expires_at": "2023-05-03T20:30:21Z"
    }
},
{
    "model": "token_blacklist.outstandingtoken",
    "pk": 37,
    "fields": {
        "user": null,
        "jti": "ecaaa26ce5fd42b9b1f81b5998bd3a47",
        "token": "eyJhbGciOiJIUzI1NiIsInR5cCI6IkpXVCJ9.eyJ0b2tlbl90eXBlIjoicmVmcmVzaCIsImV4cCI6MTY4MzE1MTk1NCwiaWF0IjoxNjgxOTQyMzU0LCJqdGkiOiJlY2FhYTI2Y2U1ZmQ0MmI5YjFmODFiNTk5OGJkM2E0NyIsInVzZXJfaWQiOjIyfQ.DrG81k6MCcHkrT9OhIpy__1JURJDbpf1gEusW67sNYY",
        "created_at": null,
        "expires_at": "2023-05-03T22:12:34Z"
    }
},
{
    "model": "token_blacklist.outstandingtoken",
    "pk": 38,
    "fields": {
        "user": [
            "admin@test.com"
        ],
        "jti": "36e30e1f79644b258be2ef64d99cedf0",
        "token": "eyJhbGciOiJIUzI1NiIsInR5cCI6IkpXVCJ9.eyJ0b2tlbl90eXBlIjoicmVmcmVzaCIsImV4cCI6MTY4MzE4Nzg5OSwiaWF0IjoxNjgxOTc4Mjk5LCJqdGkiOiIzNmUzMGUxZjc5NjQ0YjI1OGJlMmVmNjRkOTljZWRmMCIsInVzZXJfaWQiOjIyfQ.f7M6fSAJY_ysw4DJklVSKRLXwl1PZP7n2LcNgS_SnK4",
        "created_at": "2023-04-20T08:11:39.511Z",
        "expires_at": "2023-05-04T08:11:39Z"
    }
},
{
    "model": "token_blacklist.outstandingtoken",
    "pk": 39,
    "fields": {
        "user": null,
        "jti": "145872994e244255a65a3f49b2df72a8",
        "token": "eyJhbGciOiJIUzI1NiIsInR5cCI6IkpXVCJ9.eyJ0b2tlbl90eXBlIjoicmVmcmVzaCIsImV4cCI6MTY4MzE4NzI3OSwiaWF0IjoxNjgxOTc3Njc5LCJqdGkiOiIxNDU4NzI5OTRlMjQ0MjU1YTY1YTNmNDliMmRmNzJhOCIsInVzZXJfaWQiOjIyfQ.YN3kOfCZqPvP0QpaxhfCuurY_o5M7pJbWFW6BQz-MPQ",
        "created_at": null,
        "expires_at": "2023-05-04T08:01:19Z"
    }
},
{
    "model": "token_blacklist.outstandingtoken",
    "pk": 40,
    "fields": {
        "user": [
            "sylvian@test.com"
        ],
        "jti": "a1b7f07b8dd54f3390e5b0de93935797",
        "token": "eyJhbGciOiJIUzI1NiIsInR5cCI6IkpXVCJ9.eyJ0b2tlbl90eXBlIjoicmVmcmVzaCIsImV4cCI6MTY4MzE5ODg2MCwiaWF0IjoxNjgxOTg5MjYwLCJqdGkiOiJhMWI3ZjA3YjhkZDU0ZjMzOTBlNWIwZGU5MzkzNTc5NyIsInVzZXJfaWQiOjV9.RSIgMlFh2MPk0GBxo9j54fbE46swIYoPgZ87t-SOqBU",
        "created_at": "2023-04-20T11:14:20.839Z",
        "expires_at": "2023-05-04T11:14:20Z"
    }
},
{
    "model": "token_blacklist.outstandingtoken",
    "pk": 41,
    "fields": {
        "user": [
            "sylvian@test.com"
        ],
        "jti": "df903eaa817843df91b41d86d0e587df",
        "token": "eyJhbGciOiJIUzI1NiIsInR5cCI6IkpXVCJ9.eyJ0b2tlbl90eXBlIjoicmVmcmVzaCIsImV4cCI6MTY4MzE5OTU1NSwiaWF0IjoxNjgxOTg5OTU1LCJqdGkiOiJkZjkwM2VhYTgxNzg0M2RmOTFiNDFkODZkMGU1ODdkZiIsInVzZXJfaWQiOjV9.u3IaCXSI3a0u9-1RBL9BO8uY2N0E_HhrZYtLKMx6DVk",
        "created_at": "2023-04-20T11:25:55.285Z",
        "expires_at": "2023-05-04T11:25:55Z"
    }
},
{
    "model": "account.emailaddress",
    "pk": 7,
    "fields": {
        "user": [
            "sylvie@test.com"
        ],
        "email": "sylvie@test.com",
        "verified": false,
        "primary": true
    }
},
{
    "model": "account.emailaddress",
    "pk": 8,
    "fields": {
        "user": [
            "sydney@test.com"
        ],
        "email": "sydney@test.com",
        "verified": false,
        "primary": true
    }
},
{
    "model": "account.emailaddress",
    "pk": 9,
    "fields": {
        "user": [
            "sylvano@test.com"
        ],
        "email": "sylvano@test.com",
        "verified": false,
        "primary": true
    }
},
{
    "model": "account.emailaddress",
    "pk": 10,
    "fields": {
        "user": [
            "sylke@test.com"
        ],
        "email": "sylke@test.com",
        "verified": false,
        "primary": true
    }
},
{
    "model": "account.emailaddress",
    "pk": 11,
    "fields": {
        "user": [
            "sylvian@test.com"
        ],
        "email": "synthia@test.com",
        "verified": false,
        "primary": true
    }
},
{
    "model": "account.emailaddress",
    "pk": 12,
    "fields": {
        "user": [
            "stijn@test.com"
        ],
        "email": "stijn@test.com",
        "verified": false,
        "primary": true
    }
},
{
    "model": "account.emailaddress",
    "pk": 13,
    "fields": {
        "user": [
            "stef@test.com"
        ],
        "email": "stef@test.com",
        "verified": false,
        "primary": true
    }
},
{
    "model": "account.emailaddress",
    "pk": 14,
    "fields": {
        "user": [
            "stephan@test.com"
        ],
        "email": "stephan@test.com",
        "verified": false,
        "primary": true
    }
},
{
    "model": "account.emailaddress",
    "pk": 15,
    "fields": {
        "user": [
            "steven@test.com"
        ],
        "email": "steven@test.com",
        "verified": false,
        "primary": true
    }
},
{
    "model": "account.emailaddress",
    "pk": 16,
    "fields": {
        "user": [
            "sten@test.com"
        ],
        "email": "sten@test.com",
        "verified": false,
        "primary": true
    }
},
{
    "model": "account.emailaddress",
    "pk": 17,
    "fields": {
        "user": [
            "sterre@test.com"
        ],
        "email": "sterre@test.com",
        "verified": false,
        "primary": true
    }
},
{
    "model": "account.emailaddress",
    "pk": 18,
    "fields": {
        "user": [
            "stella@test.com"
        ],
        "email": "stella@test.com",
        "verified": false,
        "primary": true
    }
},
{
    "model": "account.emailaddress",
    "pk": 19,
    "fields": {
        "user": [
            "stefanie@test.com"
        ],
        "email": "stefanie@test.com",
        "verified": false,
        "primary": true
    }
},
{
    "model": "account.emailaddress",
    "pk": 20,
    "fields": {
        "user": [
            "stacey@test.com"
        ],
        "email": "stacey@test.com",
        "verified": false,
        "primary": true
    }
},
{
    "model": "account.emailaddress",
    "pk": 21,
    "fields": {
        "user": [
            "stanford@test.com"
        ],
        "email": "stanford@test.com",
        "verified": false,
        "primary": true
    }
},
{
    "model": "account.emailaddress",
    "pk": 22,
    "fields": {
        "user": [
            "adam@test.com"
        ],
        "email": "adam@test.com",
        "verified": false,
        "primary": true
    }
},
{
    "model": "account.emailaddress",
    "pk": 23,
    "fields": {
        "user": [
            "adriana@test.com"
        ],
        "email": "adriana@test.com",
        "verified": false,
        "primary": true
    }
},
{
    "model": "account.emailaddress",
    "pk": 24,
    "fields": {
        "user": [
            "adelynn@test.com"
        ],
        "email": "adelynn@test.com",
        "verified": false,
        "primary": true
    }
},
{
    "model": "account.emailaddress",
    "pk": 25,
    "fields": {
        "user": [
            "suzanne@test.com"
        ],
        "email": "suzanne@test.com",
        "verified": false,
        "primary": true
    }
},
{
    "model": "account.emailaddress",
    "pk": 26,
    "fields": {
        "user": [
            "suzy@test.com"
        ],
        "email": "suzy@test.com",
        "verified": false,
        "primary": true
    }
},
{
    "model": "account.emailaddress",
    "pk": 27,
    "fields": {
        "user": [
            "suffried@test.com"
        ],
        "email": "sunny@test.com",
        "verified": false,
        "primary": true
    }
},
{
    "model": "admin.logentry",
    "pk": 27,
    "fields": {
        "action_time": "2023-03-08T14:39:26.117Z",
        "user": [
            "admin@test.com"
        ],
        "content_type": [
            "base",
            "user"
        ],
        "object_id": "30",
        "object_repr": "sunny@test.com (SS)",
        "action_flag": 2,
        "change_message": "[{\"changed\": {\"fields\": [\"first_name\", \"last_name\", \"Phone number\", \"Role\"]}}]"
    }
},
{
    "model": "admin.logentry",
    "pk": 28,
    "fields": {
        "action_time": "2023-03-08T14:39:37.107Z",
        "user": [
            "admin@test.com"
        ],
        "content_type": [
            "base",
            "user"
        ],
        "object_id": "29",
        "object_repr": "suzy@test.com (SS)",
        "action_flag": 2,
        "change_message": "[{\"changed\": {\"fields\": [\"first_name\", \"last_name\", \"Phone number\", \"Role\"]}}]"
    }
},
{
    "model": "admin.logentry",
    "pk": 29,
    "fields": {
        "action_time": "2023-03-08T14:40:29.816Z",
        "user": [
            "admin@test.com"
        ],
        "content_type": [
            "base",
            "user"
        ],
        "object_id": "29",
        "object_repr": "suzy@test.com (SS)",
        "action_flag": 2,
        "change_message": "[]"
    }
},
{
    "model": "admin.logentry",
    "pk": 30,
    "fields": {
        "action_time": "2023-03-08T14:40:45.033Z",
        "user": [
            "admin@test.com"
        ],
        "content_type": [
            "base",
            "user"
        ],
        "object_id": "28",
        "object_repr": "suzanne@test.com (SS)",
        "action_flag": 2,
        "change_message": "[{\"changed\": {\"fields\": [\"first_name\", \"last_name\", \"Phone number\", \"Role\"]}}]"
    }
},
{
    "model": "admin.logentry",
    "pk": 31,
    "fields": {
        "action_time": "2023-03-08T14:42:50.346Z",
        "user": [
            "admin@test.com"
        ],
        "content_type": [
            "base",
            "user"
        ],
        "object_id": "27",
        "object_repr": "adelynn@test.com (AD)",
        "action_flag": 2,
        "change_message": "[{\"changed\": {\"fields\": [\"Superuser status\", \"Is staff\", \"first_name\", \"last_name\", \"Phone number\", \"Role\"]}}]"
    }
},
{
    "model": "admin.logentry",
    "pk": 32,
    "fields": {
        "action_time": "2023-03-08T14:43:07.577Z",
        "user": [
            "admin@test.com"
        ],
        "content_type": [
            "base",
            "user"
        ],
        "object_id": "26",
        "object_repr": "adriana@test.com (AD)",
        "action_flag": 2,
        "change_message": "[{\"changed\": {\"fields\": [\"Superuser status\", \"Is staff\", \"first_name\", \"last_name\", \"Phone number\", \"Role\"]}}]"
    }
},
{
    "model": "admin.logentry",
    "pk": 33,
    "fields": {
        "action_time": "2023-03-08T14:43:29.528Z",
        "user": [
            "admin@test.com"
        ],
        "content_type": [
            "base",
            "user"
        ],
        "object_id": "25",
        "object_repr": "adam@test.com (AD)",
        "action_flag": 2,
        "change_message": "[{\"changed\": {\"fields\": [\"Superuser status\", \"Is staff\", \"first_name\", \"last_name\", \"Phone number\", \"Role\"]}}]"
    }
},
{
    "model": "admin.logentry",
    "pk": 34,
    "fields": {
        "action_time": "2023-03-08T14:43:59.200Z",
        "user": [
            "admin@test.com"
        ],
        "content_type": [
            "base",
            "user"
        ],
        "object_id": "24",
        "object_repr": "stanford@test.com (ST)",
        "action_flag": 2,
        "change_message": "[{\"changed\": {\"fields\": [\"first_name\", \"last_name\", \"Phone number\", \"Region\", \"Role\"]}}]"
    }
},
{
    "model": "admin.logentry",
    "pk": 35,
    "fields": {
        "action_time": "2023-03-08T14:44:20.621Z",
        "user": [
            "admin@test.com"
        ],
        "content_type": [
            "base",
            "user"
        ],
        "object_id": "31",
        "object_repr": "joe@test.com (AD)",
        "action_flag": 2,
        "change_message": "[{\"changed\": {\"fields\": [\"Region\"]}}]"
    }
},
{
    "model": "admin.logentry",
    "pk": 36,
    "fields": {
        "action_time": "2023-03-08T14:45:12.079Z",
        "user": [
            "admin@test.com"
        ],
        "content_type": [
            "base",
            "user"
        ],
        "object_id": "30",
        "object_repr": "suffried@test.com (SS)",
        "action_flag": 2,
        "change_message": "[{\"changed\": {\"fields\": [\"Email address\", \"first_name\", \"Region\"]}}]"
    }
},
{
    "model": "admin.logentry",
    "pk": 37,
    "fields": {
        "action_time": "2023-03-08T14:45:18.068Z",
        "user": [
            "admin@test.com"
        ],
        "content_type": [
            "base",
            "user"
        ],
        "object_id": "29",
        "object_repr": "suzy@test.com (SS)",
        "action_flag": 2,
        "change_message": "[{\"changed\": {\"fields\": [\"Region\"]}}]"
    }
},
{
    "model": "admin.logentry",
    "pk": 38,
    "fields": {
        "action_time": "2023-03-08T14:45:24.900Z",
        "user": [
            "admin@test.com"
        ],
        "content_type": [
            "base",
            "user"
        ],
        "object_id": "28",
        "object_repr": "suzanne@test.com (SS)",
        "action_flag": 2,
        "change_message": "[{\"changed\": {\"fields\": [\"Region\"]}}]"
    }
},
{
    "model": "admin.logentry",
    "pk": 39,
    "fields": {
        "action_time": "2023-03-08T14:45:30.492Z",
        "user": [
            "admin@test.com"
        ],
        "content_type": [
            "base",
            "user"
        ],
        "object_id": "27",
        "object_repr": "adelynn@test.com (AD)",
        "action_flag": 2,
        "change_message": "[{\"changed\": {\"fields\": [\"Region\"]}}]"
    }
},
{
    "model": "admin.logentry",
    "pk": 40,
    "fields": {
        "action_time": "2023-03-08T14:45:34.892Z",
        "user": [
            "admin@test.com"
        ],
        "content_type": [
            "base",
            "user"
        ],
        "object_id": "26",
        "object_repr": "adriana@test.com (AD)",
        "action_flag": 2,
        "change_message": "[{\"changed\": {\"fields\": [\"Region\"]}}]"
    }
},
{
    "model": "admin.logentry",
    "pk": 41,
    "fields": {
        "action_time": "2023-03-08T14:45:39.096Z",
        "user": [
            "admin@test.com"
        ],
        "content_type": [
            "base",
            "user"
        ],
        "object_id": "25",
        "object_repr": "adam@test.com (AD)",
        "action_flag": 2,
        "change_message": "[{\"changed\": {\"fields\": [\"Region\"]}}]"
    }
},
{
    "model": "admin.logentry",
    "pk": 42,
    "fields": {
        "action_time": "2023-03-08T14:45:43.026Z",
        "user": [
            "admin@test.com"
        ],
        "content_type": [
            "base",
            "user"
        ],
        "object_id": "24",
        "object_repr": "stanford@test.com (ST)",
        "action_flag": 2,
        "change_message": "[]"
    }
},
{
    "model": "admin.logentry",
    "pk": 43,
    "fields": {
        "action_time": "2023-03-08T14:45:57.014Z",
        "user": [
            "admin@test.com"
        ],
        "content_type": [
            "base",
            "user"
        ],
        "object_id": "23",
        "object_repr": "stacey@test.com (ST)",
        "action_flag": 2,
        "change_message": "[{\"changed\": {\"fields\": [\"first_name\", \"last_name\", \"Phone number\", \"Region\", \"Role\"]}}]"
    }
},
{
    "model": "admin.logentry",
    "pk": 44,
    "fields": {
        "action_time": "2023-03-08T14:46:12.485Z",
        "user": [
            "admin@test.com"
        ],
        "content_type": [
            "base",
            "user"
        ],
        "object_id": "22",
        "object_repr": "stefanie@test.com (ST)",
        "action_flag": 2,
        "change_message": "[{\"changed\": {\"fields\": [\"first_name\", \"last_name\", \"Phone number\", \"Region\", \"Role\"]}}]"
    }
},
{
    "model": "admin.logentry",
    "pk": 45,
    "fields": {
        "action_time": "2023-03-08T14:46:29.160Z",
        "user": [
            "admin@test.com"
        ],
        "content_type": [
            "base",
            "user"
        ],
        "object_id": "21",
        "object_repr": "stella@test.com (ST)",
        "action_flag": 2,
        "change_message": "[{\"changed\": {\"fields\": [\"first_name\", \"last_name\", \"Phone number\", \"Region\", \"Role\"]}}]"
    }
},
{
    "model": "admin.logentry",
    "pk": 46,
    "fields": {
        "action_time": "2023-03-08T14:46:37.207Z",
        "user": [
            "admin@test.com"
        ],
        "content_type": [
            "base",
            "user"
        ],
        "object_id": "20",
        "object_repr": "sterre@test.com (ST)",
        "action_flag": 2,
        "change_message": "[{\"changed\": {\"fields\": [\"first_name\", \"last_name\", \"Phone number\", \"Region\", \"Role\"]}}]"
    }
},
{
    "model": "admin.logentry",
    "pk": 47,
    "fields": {
        "action_time": "2023-03-08T14:46:47.188Z",
        "user": [
            "admin@test.com"
        ],
        "content_type": [
            "base",
            "user"
        ],
        "object_id": "19",
        "object_repr": "sten@test.com (ST)",
        "action_flag": 2,
        "change_message": "[{\"changed\": {\"fields\": [\"first_name\", \"last_name\", \"Phone number\", \"Region\", \"Role\"]}}]"
    }
},
{
    "model": "admin.logentry",
    "pk": 48,
    "fields": {
        "action_time": "2023-03-08T14:47:22.359Z",
        "user": [
            "admin@test.com"
        ],
        "content_type": [
            "base",
            "user"
        ],
        "object_id": "18",
        "object_repr": "steven@test.com (ST)",
        "action_flag": 2,
        "change_message": "[{\"changed\": {\"fields\": [\"first_name\", \"last_name\", \"Phone number\", \"Region\", \"Role\"]}}]"
    }
},
{
    "model": "admin.logentry",
    "pk": 49,
    "fields": {
        "action_time": "2023-03-08T14:48:21.802Z",
        "user": [
            "admin@test.com"
        ],
        "content_type": [
            "base",
            "user"
        ],
        "object_id": "16",
        "object_repr": "stef@test.com (ST)",
        "action_flag": 2,
        "change_message": "[{\"changed\": {\"fields\": [\"first_name\", \"last_name\", \"Phone number\", \"Region\", \"Role\"]}}]"
    }
},
{
    "model": "admin.logentry",
    "pk": 50,
    "fields": {
        "action_time": "2023-03-08T14:48:39.335Z",
        "user": [
            "admin@test.com"
        ],
        "content_type": [
            "base",
            "user"
        ],
        "object_id": "17",
        "object_repr": "stephan@test.com (ST)",
        "action_flag": 2,
        "change_message": "[{\"changed\": {\"fields\": [\"first_name\", \"last_name\", \"Phone number\", \"Region\", \"Role\"]}}]"
    }
},
{
    "model": "admin.logentry",
    "pk": 51,
    "fields": {
        "action_time": "2023-03-08T14:49:35.174Z",
        "user": [
            "admin@test.com"
        ],
        "content_type": [
            "base",
            "user"
        ],
        "object_id": "14",
        "object_repr": "sylvian@test.com (SY)",
        "action_flag": 2,
        "change_message": "[{\"changed\": {\"fields\": [\"Email address\", \"first_name\", \"last_name\", \"Phone number\", \"Region\", \"Role\"]}}]"
    }
},
{
    "model": "admin.logentry",
    "pk": 52,
    "fields": {
        "action_time": "2023-03-08T14:49:45.732Z",
        "user": [
            "admin@test.com"
        ],
        "content_type": [
            "base",
            "user"
        ],
        "object_id": "15",
        "object_repr": "stijn@test.com (ST)",
        "action_flag": 2,
        "change_message": "[{\"changed\": {\"fields\": [\"first_name\", \"last_name\", \"Phone number\", \"Region\", \"Role\"]}}]"
    }
},
{
    "model": "admin.logentry",
    "pk": 53,
    "fields": {
        "action_time": "2023-03-08T14:49:56.248Z",
        "user": [
            "admin@test.com"
        ],
        "content_type": [
            "base",
            "user"
        ],
        "object_id": "13",
        "object_repr": "sylke@test.com (SY)",
        "action_flag": 2,
        "change_message": "[{\"changed\": {\"fields\": [\"first_name\", \"last_name\", \"Phone number\", \"Region\", \"Role\"]}}]"
    }
},
{
    "model": "admin.logentry",
    "pk": 54,
    "fields": {
        "action_time": "2023-03-08T14:50:12.704Z",
        "user": [
            "admin@test.com"
        ],
        "content_type": [
            "base",
            "user"
        ],
        "object_id": "12",
        "object_repr": "sylvano@test.com (SY)",
        "action_flag": 2,
        "change_message": "[{\"changed\": {\"fields\": [\"first_name\", \"last_name\", \"Phone number\", \"Region\", \"Role\"]}}]"
    }
},
{
    "model": "admin.logentry",
    "pk": 55,
    "fields": {
        "action_time": "2023-03-08T14:50:25.896Z",
        "user": [
            "admin@test.com"
        ],
        "content_type": [
            "base",
            "user"
        ],
        "object_id": "11",
        "object_repr": "sydney@test.com (SY)",
        "action_flag": 2,
        "change_message": "[{\"changed\": {\"fields\": [\"first_name\", \"last_name\", \"Phone number\", \"Region\", \"Role\"]}}]"
    }
},
{
    "model": "admin.logentry",
    "pk": 56,
    "fields": {
        "action_time": "2023-03-08T14:50:49.506Z",
        "user": [
            "admin@test.com"
        ],
        "content_type": [
            "base",
            "user"
        ],
        "object_id": "10",
        "object_repr": "sylvie@test.com (SY)",
        "action_flag": 2,
        "change_message": "[{\"changed\": {\"fields\": [\"first_name\", \"last_name\", \"Phone number\", \"Region\", \"Role\"]}}]"
    }
},
{
    "model": "admin.logentry",
    "pk": 57,
    "fields": {
        "action_time": "2023-03-08T14:52:39.891Z",
        "user": [
            "admin@test.com"
        ],
        "content_type": [
            "base",
            "user"
        ],
        "object_id": "31",
        "object_repr": "admin@test.com (AD)",
        "action_flag": 2,
        "change_message": "[{\"changed\": {\"fields\": [\"Email address\"]}}]"
    }
},
{
    "model": "admin.logentry",
    "pk": 58,
    "fields": {
        "action_time": "2023-03-08T14:58:44.752Z",
        "user": [
            "admin@test.com"
        ],
        "content_type": [
            "base",
            "tour"
        ],
        "object_id": "3",
        "object_repr": "UGent Campussen in regio Gent",
        "action_flag": 1,
        "change_message": "[{\"added\": {}}]"
    }
},
{
    "model": "admin.logentry",
    "pk": 59,
    "fields": {
        "action_time": "2023-03-08T15:00:27.928Z",
        "user": [
            "admin@test.com"
        ],
        "content_type": [
            "base",
            "tour"
        ],
        "object_id": "4",
        "object_repr": "UAntwerpen Campussen in regio Antwerpen",
        "action_flag": 1,
        "change_message": "[{\"added\": {}}]"
    }
},
{
    "model": "admin.logentry",
    "pk": 60,
    "fields": {
        "action_time": "2023-03-08T15:01:59.960Z",
        "user": [
            "admin@test.com"
        ],
        "content_type": [
            "base",
            "building"
        ],
        "object_id": "3",
        "object_repr": "Universiteitsplein 1, Antwerpen 2000",
        "action_flag": 1,
        "change_message": "[{\"added\": {}}]"
    }
},
{
    "model": "admin.logentry",
    "pk": 61,
    "fields": {
        "action_time": "2023-03-08T15:02:48.962Z",
        "user": [
            "admin@test.com"
        ],
        "content_type": [
            "base",
            "building"
        ],
        "object_id": "4",
        "object_repr": "Groenenborgerlaan 171, Antwerpen 2000",
        "action_flag": 1,
        "change_message": "[{\"added\": {}}]"
    }
},
{
    "model": "admin.logentry",
    "pk": 62,
    "fields": {
        "action_time": "2023-03-08T15:03:39.204Z",
        "user": [
            "admin@test.com"
        ],
        "content_type": [
            "base",
            "building"
        ],
        "object_id": "5",
        "object_repr": "Middelheimlaan 1, Antwerpen 2000",
        "action_flag": 1,
        "change_message": "[{\"added\": {}}]"
    }
},
{
    "model": "admin.logentry",
    "pk": 63,
    "fields": {
        "action_time": "2023-03-08T15:04:14.499Z",
        "user": [
            "admin@test.com"
        ],
        "content_type": [
            "base",
            "building"
        ],
        "object_id": "6",
        "object_repr": "Prinsstraat 13, Antwerpen 2000",
        "action_flag": 1,
        "change_message": "[{\"added\": {}}]"
    }
},
{
    "model": "admin.logentry",
    "pk": 64,
    "fields": {
        "action_time": "2023-03-08T15:04:25.788Z",
        "user": [
            "admin@test.com"
        ],
        "content_type": [
            "base",
            "building"
        ],
        "object_id": "6",
        "object_repr": "Prinsstraat 13, Antwerpen 2000",
        "action_flag": 2,
        "change_message": "[{\"changed\": {\"fields\": [\"Syndic\"]}}]"
    }
},
{
    "model": "admin.logentry",
    "pk": 65,
    "fields": {
        "action_time": "2023-03-08T15:08:08.606Z",
        "user": [
            "admin@test.com"
        ],
        "content_type": [
            "base",
            "buildingontour"
        ],
        "object_id": "3",
        "object_repr": "Universiteitsplein 1, Antwerpen 2000 op ronde UAntwerpen Campussen in regio Antwerpen, index: 1",
        "action_flag": 1,
        "change_message": "[{\"added\": {}}]"
    }
},
{
    "model": "admin.logentry",
    "pk": 66,
    "fields": {
        "action_time": "2023-03-08T15:08:19.377Z",
        "user": [
            "admin@test.com"
        ],
        "content_type": [
            "base",
            "buildingontour"
        ],
        "object_id": "4",
        "object_repr": "Groenenborgerlaan 171, Antwerpen 2000 op ronde UAntwerpen Campussen in regio Antwerpen, index: 2",
        "action_flag": 1,
        "change_message": "[{\"added\": {}}]"
    }
},
{
    "model": "admin.logentry",
    "pk": 67,
    "fields": {
        "action_time": "2023-03-08T15:08:27.356Z",
        "user": [
            "admin@test.com"
        ],
        "content_type": [
            "base",
            "buildingontour"
        ],
        "object_id": "5",
        "object_repr": "Middelheimlaan 1, Antwerpen 2000 op ronde UAntwerpen Campussen in regio Antwerpen, index: 3",
        "action_flag": 1,
        "change_message": "[{\"added\": {}}]"
    }
},
{
    "model": "admin.logentry",
    "pk": 68,
    "fields": {
        "action_time": "2023-03-08T15:08:35.739Z",
        "user": [
            "admin@test.com"
        ],
        "content_type": [
            "base",
            "buildingontour"
        ],
        "object_id": "6",
        "object_repr": "Prinsstraat 13, Antwerpen 2000 op ronde UAntwerpen Campussen in regio Antwerpen, index: 4",
        "action_flag": 1,
        "change_message": "[{\"added\": {}}]"
    }
},
{
    "model": "admin.logentry",
    "pk": 69,
    "fields": {
        "action_time": "2023-03-08T15:17:18.139Z",
        "user": [
            "admin@test.com"
        ],
        "content_type": [
            "base",
            "building"
        ],
        "object_id": "7",
        "object_repr": "Krijgslaan 281, Gent 9000",
        "action_flag": 1,
        "change_message": "[{\"added\": {}}]"
    }
},
{
    "model": "admin.logentry",
    "pk": 70,
    "fields": {
        "action_time": "2023-03-08T16:00:24.947Z",
        "user": [
            "admin@test.com"
        ],
        "content_type": [
            "base",
            "building"
        ],
        "object_id": "8",
        "object_repr": "Karel Lodewijk Ledeganckstraat 35, Gent 9000",
        "action_flag": 1,
        "change_message": "[{\"added\": {}}]"
    }
},
{
    "model": "admin.logentry",
    "pk": 71,
    "fields": {
        "action_time": "2023-03-08T16:00:58.312Z",
        "user": [
            "admin@test.com"
        ],
        "content_type": [
            "base",
            "building"
        ],
        "object_id": "9",
        "object_repr": "Tweekerkenstraat 2, Gent 9000",
        "action_flag": 1,
        "change_message": "[{\"added\": {}}]"
    }
},
{
    "model": "admin.logentry",
    "pk": 72,
    "fields": {
        "action_time": "2023-03-08T16:01:24.381Z",
        "user": [
            "admin@test.com"
        ],
        "content_type": [
            "base",
            "building"
        ],
        "object_id": "10",
        "object_repr": "Sint-Pietersnieuwstraat 33, Gent 9000",
        "action_flag": 1,
        "change_message": "[{\"added\": {}}]"
    }
},
{
    "model": "admin.logentry",
    "pk": 73,
    "fields": {
        "action_time": "2023-03-08T16:01:35.072Z",
        "user": [
            "admin@test.com"
        ],
        "content_type": [
            "base",
            "building"
        ],
        "object_id": "7",
        "object_repr": "Krijgslaan 281, Gent 9000",
        "action_flag": 2,
        "change_message": "[{\"changed\": {\"fields\": [\"Syndic\"]}}]"
    }
},
{
    "model": "admin.logentry",
    "pk": 74,
    "fields": {
        "action_time": "2023-03-08T16:02:06.290Z",
        "user": [
            "admin@test.com"
        ],
        "content_type": [
            "base",
            "buildingontour"
        ],
        "object_id": "7",
        "object_repr": "Krijgslaan 281, Gent 9000 op ronde UGent Campussen in regio Gent, index: 1",
        "action_flag": 1,
        "change_message": "[{\"added\": {}}]"
    }
},
{
    "model": "admin.logentry",
    "pk": 75,
    "fields": {
        "action_time": "2023-03-08T16:08:52.700Z",
        "user": [
            "admin@test.com"
        ],
        "content_type": [
            "base",
            "buildingontour"
        ],
        "object_id": "8",
        "object_repr": "Sint-Pietersnieuwstraat 33, Gent 9000 op ronde UGent Campussen in regio Gent, index: 2",
        "action_flag": 1,
        "change_message": "[{\"added\": {}}]"
    }
},
{
    "model": "admin.logentry",
    "pk": 76,
    "fields": {
        "action_time": "2023-03-08T16:09:02.005Z",
        "user": [
            "admin@test.com"
        ],
        "content_type": [
            "base",
            "buildingontour"
        ],
        "object_id": "9",
        "object_repr": "Tweekerkenstraat 2, Gent 9000 op ronde UGent Campussen in regio Gent, index: 3",
        "action_flag": 1,
        "change_message": "[{\"added\": {}}]"
    }
},
{
    "model": "admin.logentry",
    "pk": 77,
    "fields": {
        "action_time": "2023-03-08T16:09:12.402Z",
        "user": [
            "admin@test.com"
        ],
        "content_type": [
            "base",
            "buildingontour"
        ],
        "object_id": "10",
        "object_repr": "Karel Lodewijk Ledeganckstraat 35, Gent 9000 op ronde UGent Campussen in regio Gent, index: 4",
        "action_flag": 1,
        "change_message": "[{\"added\": {}}]"
    }
},
{
    "model": "admin.logentry",
    "pk": 78,
    "fields": {
        "action_time": "2023-03-08T16:12:03.299Z",
        "user": [
            "admin@test.com"
        ],
        "content_type": [
            "base",
            "building"
        ],
        "object_id": "11",
        "object_repr": "Velstraat 1, Gent 9000",
        "action_flag": 1,
        "change_message": "[{\"added\": {}}]"
    }
},
{
    "model": "admin.logentry",
    "pk": 79,
    "fields": {
        "action_time": "2023-03-08T16:12:21.051Z",
        "user": [
            "admin@test.com"
        ],
        "content_type": [
            "base",
            "building"
        ],
        "object_id": "2",
        "object_repr": "Veldstraat 1, Gent 9000",
        "action_flag": 2,
        "change_message": "[{\"changed\": {\"fields\": [\"House number\", \"Client number\", \"Syndic\"]}}]"
    }
},
{
    "model": "admin.logentry",
    "pk": 80,
    "fields": {
        "action_time": "2023-03-08T16:16:40.922Z",
        "user": [
            "admin@test.com"
        ],
        "content_type": [
            "base",
            "building"
        ],
        "object_id": "11",
        "object_repr": "Velstraat 2, Gent 9000",
        "action_flag": 2,
        "change_message": "[{\"changed\": {\"fields\": [\"House number\"]}}]"
    }
},
{
    "model": "admin.logentry",
    "pk": 81,
    "fields": {
        "action_time": "2023-03-08T16:16:45.022Z",
        "user": [
            "admin@test.com"
        ],
        "content_type": [
            "base",
            "building"
        ],
        "object_id": "2",
        "object_repr": "Veldstraat 2, Gent 9000",
        "action_flag": 2,
        "change_message": "[{\"changed\": {\"fields\": [\"House number\"]}}]"
    }
},
{
    "model": "admin.logentry",
    "pk": 82,
    "fields": {
        "action_time": "2023-03-08T16:20:59.890Z",
        "user": [
            "admin@test.com"
        ],
        "content_type": [
            "base",
            "building"
        ],
        "object_id": "2",
        "object_repr": "Veldstraat 1, Gent 9000",
        "action_flag": 2,
        "change_message": "[{\"changed\": {\"fields\": [\"House number\"]}}]"
    }
},
{
    "model": "admin.logentry",
    "pk": 83,
    "fields": {
        "action_time": "2023-03-08T16:21:25.140Z",
        "user": [
            "admin@test.com"
        ],
        "content_type": [
            "base",
            "building"
        ],
        "object_id": "12",
        "object_repr": "Veldstraat 3, Gent 9000",
        "action_flag": 1,
        "change_message": "[{\"added\": {}}]"
    }
},
{
    "model": "admin.logentry",
    "pk": 84,
    "fields": {
        "action_time": "2023-03-08T16:21:52.660Z",
        "user": [
            "admin@test.com"
        ],
        "content_type": [
            "base",
            "building"
        ],
        "object_id": "13",
        "object_repr": "Veldstraat 4, Gent 9000",
        "action_flag": 1,
        "change_message": "[{\"added\": {}}]"
    }
},
{
    "model": "admin.logentry",
    "pk": 85,
    "fields": {
        "action_time": "2023-03-08T16:22:19.176Z",
        "user": [
            "admin@test.com"
        ],
        "content_type": [
            "base",
            "building"
        ],
        "object_id": "11",
        "object_repr": "Veldstraat 2, Gent 9000",
        "action_flag": 2,
        "change_message": "[{\"changed\": {\"fields\": [\"Street\"]}}]"
    }
},
{
    "model": "admin.logentry",
    "pk": 86,
    "fields": {
        "action_time": "2023-03-08T16:25:43.960Z",
        "user": [
            "admin@test.com"
        ],
        "content_type": [
            "base",
            "buildingontour"
        ],
        "object_id": "11",
        "object_repr": "Veldstraat 2, Gent 9000 op ronde Centrum in regio Gent, index: 2",
        "action_flag": 1,
        "change_message": "[{\"added\": {}}]"
    }
},
{
    "model": "admin.logentry",
    "pk": 87,
    "fields": {
        "action_time": "2023-03-08T16:26:04.709Z",
        "user": [
            "admin@test.com"
        ],
        "content_type": [
            "base",
            "buildingontour"
        ],
        "object_id": "11",
        "object_repr": "Veldstraat 2, Gent 9000 op ronde Centrum in regio Gent, index: 2",
        "action_flag": 2,
        "change_message": "[]"
    }
},
{
    "model": "admin.logentry",
    "pk": 88,
    "fields": {
        "action_time": "2023-03-08T16:26:46.183Z",
        "user": [
            "admin@test.com"
        ],
        "content_type": [
            "base",
            "buildingontour"
        ],
        "object_id": "11",
        "object_repr": "Veldstraat 2, Gent 9000 op ronde Centrum in regio Gent, index: 2",
        "action_flag": 2,
        "change_message": "[]"
    }
},
{
    "model": "admin.logentry",
    "pk": 89,
    "fields": {
        "action_time": "2023-03-08T16:26:55.424Z",
        "user": [
            "admin@test.com"
        ],
        "content_type": [
            "base",
            "building"
        ],
        "object_id": "2",
        "object_repr": "Veldstraat 1, Gent 9000",
        "action_flag": 2,
        "change_message": "[]"
    }
},
{
    "model": "admin.logentry",
    "pk": 90,
    "fields": {
        "action_time": "2023-03-08T16:28:45.475Z",
        "user": [
            "admin@test.com"
        ],
        "content_type": [
            "base",
            "buildingontour"
        ],
        "object_id": "12",
        "object_repr": "Veldstraat 3, Gent 9000 op ronde Centrum in regio Gent, index: 3",
        "action_flag": 1,
        "change_message": "[{\"added\": {}}]"
    }
},
{
    "model": "admin.logentry",
    "pk": 91,
    "fields": {
        "action_time": "2023-03-08T16:28:54.410Z",
        "user": [
            "admin@test.com"
        ],
        "content_type": [
            "base",
            "buildingontour"
        ],
        "object_id": "13",
        "object_repr": "Veldstraat 4, Gent 9000 op ronde Centrum in regio Gent, index: 4",
        "action_flag": 1,
        "change_message": "[{\"added\": {}}]"
    }
},
{
    "model": "admin.logentry",
    "pk": 92,
    "fields": {
        "action_time": "2023-03-08T16:30:07.611Z",
        "user": [
            "admin@test.com"
        ],
        "content_type": [
            "base",
            "building"
        ],
        "object_id": "1",
        "object_repr": "Grote Markt 1, Antwerpen 2000",
        "action_flag": 2,
        "change_message": "[{\"changed\": {\"fields\": [\"House number\", \"Syndic\"]}}]"
    }
},
{
    "model": "admin.logentry",
    "pk": 93,
    "fields": {
        "action_time": "2023-03-08T16:30:34.261Z",
        "user": [
            "admin@test.com"
        ],
        "content_type": [
            "base",
            "building"
        ],
        "object_id": "14",
        "object_repr": "Grote Markt 2, Antwerpen 9000",
        "action_flag": 1,
        "change_message": "[{\"added\": {}}]"
    }
},
{
    "model": "admin.logentry",
    "pk": 94,
    "fields": {
        "action_time": "2023-03-08T16:30:59.258Z",
        "user": [
            "admin@test.com"
        ],
        "content_type": [
            "base",
            "building"
        ],
        "object_id": "15",
        "object_repr": "Grote Markt 3, Antwerpen 2000",
        "action_flag": 1,
        "change_message": "[{\"added\": {}}]"
    }
},
{
    "model": "admin.logentry",
    "pk": 95,
    "fields": {
        "action_time": "2023-03-08T16:31:08.274Z",
        "user": [
            "admin@test.com"
        ],
        "content_type": [
            "base",
            "building"
        ],
        "object_id": "14",
        "object_repr": "Grote Markt 2, Antwerpen 2000",
        "action_flag": 2,
        "change_message": "[{\"changed\": {\"fields\": [\"Postal code\"]}}]"
    }
},
{
    "model": "admin.logentry",
    "pk": 96,
    "fields": {
        "action_time": "2023-03-08T16:31:44.676Z",
        "user": [
            "admin@test.com"
        ],
        "content_type": [
            "base",
            "building"
        ],
        "object_id": "16",
        "object_repr": "Grote Markt 4, Antwerpen 2000",
        "action_flag": 1,
        "change_message": "[{\"added\": {}}]"
    }
},
{
    "model": "admin.logentry",
    "pk": 97,
    "fields": {
        "action_time": "2023-03-08T16:31:55.261Z",
        "user": [
            "admin@test.com"
        ],
        "content_type": [
            "base",
            "buildingontour"
        ],
        "object_id": "14",
        "object_repr": "Grote Markt 2, Antwerpen 2000 op ronde Grote Markt in regio Antwerpen, index: 2",
        "action_flag": 1,
        "change_message": "[{\"added\": {}}]"
    }
},
{
    "model": "admin.logentry",
    "pk": 98,
    "fields": {
        "action_time": "2023-03-08T16:32:01.898Z",
        "user": [
            "admin@test.com"
        ],
        "content_type": [
            "base",
            "buildingontour"
        ],
        "object_id": "15",
        "object_repr": "Grote Markt 3, Antwerpen 2000 op ronde Grote Markt in regio Antwerpen, index: 3",
        "action_flag": 1,
        "change_message": "[{\"added\": {}}]"
    }
},
{
    "model": "admin.logentry",
    "pk": 99,
    "fields": {
        "action_time": "2023-03-08T16:32:09.892Z",
        "user": [
            "admin@test.com"
        ],
        "content_type": [
            "base",
            "buildingontour"
        ],
        "object_id": "16",
        "object_repr": "Grote Markt 4, Antwerpen 2000 op ronde Grote Markt in regio Antwerpen, index: 4",
        "action_flag": 1,
        "change_message": "[{\"added\": {}}]"
    }
},
{
    "model": "admin.logentry",
    "pk": 100,
    "fields": {
        "action_time": "2023-03-08T16:32:37.550Z",
        "user": [
            "admin@test.com"
        ],
        "content_type": [
            "base",
            "garbagecollection"
        ],
        "object_id": "1",
        "object_repr": "GFT op 2023-03-08 voor 1",
        "action_flag": 1,
        "change_message": "[{\"added\": {}}]"
    }
},
{
    "model": "admin.logentry",
    "pk": 101,
    "fields": {
        "action_time": "2023-03-08T16:32:49.793Z",
        "user": [
            "admin@test.com"
        ],
        "content_type": [
            "base",
            "garbagecollection"
        ],
        "object_id": "2",
        "object_repr": "GLS op 2023-03-09 voor 12",
        "action_flag": 1,
        "change_message": "[{\"added\": {}}]"
    }
},
{
    "model": "admin.logentry",
    "pk": 102,
    "fields": {
        "action_time": "2023-03-08T16:33:14.208Z",
        "user": [
            "admin@test.com"
        ],
        "content_type": [
            "base",
            "garbagecollection"
        ],
        "object_id": "3",
        "object_repr": "GRF op 2023-03-11 voor 3",
        "action_flag": 1,
        "change_message": "[{\"added\": {}}]"
    }
},
{
    "model": "admin.logentry",
    "pk": 103,
    "fields": {
        "action_time": "2023-03-08T16:33:21.994Z",
        "user": [
            "admin@test.com"
        ],
        "content_type": [
            "base",
            "garbagecollection"
        ],
        "object_id": "4",
        "object_repr": "PMD op 2023-03-15 voor 10",
        "action_flag": 1,
        "change_message": "[{\"added\": {}}]"
    }
},
{
    "model": "admin.logentry",
    "pk": 104,
    "fields": {
        "action_time": "2023-03-08T16:33:56.022Z",
        "user": [
            "admin@test.com"
        ],
        "content_type": [
            "base",
            "garbagecollection"
        ],
        "object_id": "5",
        "object_repr": "PAP op 2023-03-17 voor 16",
        "action_flag": 1,
        "change_message": "[{\"added\": {}}]"
    }
},
{
    "model": "admin.logentry",
    "pk": 105,
    "fields": {
        "action_time": "2023-03-08T17:01:50.343Z",
        "user": [
            "admin@test.com"
        ],
        "content_type": [
            "base",
            "garbagecollection"
        ],
        "object_id": "1",
        "object_repr": "GFT op 2023-03-08 voor Grote Markt 1, Antwerpen 2000",
        "action_flag": 2,
        "change_message": "[]"
    }
},
{
    "model": "admin.logentry",
    "pk": 106,
    "fields": {
        "action_time": "2023-03-08T17:22:53.560Z",
        "user": [
            "admin@test.com"
        ],
        "content_type": [
            "base",
            "garbagecollection"
        ],
        "object_id": "6",
        "object_repr": "PMD op 2023-03-10 voor Grote Markt 1, Antwerpen 2000",
        "action_flag": 1,
        "change_message": "[{\"added\": {}}]"
    }
},
{
    "model": "admin.logentry",
    "pk": 107,
    "fields": {
        "action_time": "2023-03-08T17:23:21.034Z",
        "user": [
            "admin@test.com"
        ],
        "content_type": [
            "base",
            "garbagecollection"
        ],
        "object_id": "7",
        "object_repr": "RES op 2023-03-22 voor Grote Markt 3, Antwerpen 2000",
        "action_flag": 1,
        "change_message": "[{\"added\": {}}]"
    }
},
{
    "model": "admin.logentry",
    "pk": 108,
    "fields": {
        "action_time": "2023-03-08T17:23:32.286Z",
        "user": [
            "admin@test.com"
        ],
        "content_type": [
            "base",
            "garbagecollection"
        ],
        "object_id": "8",
        "object_repr": "PAP op 2023-03-19 voor Grote Markt 3, Antwerpen 2000",
        "action_flag": 1,
        "change_message": "[{\"added\": {}}]"
    }
},
{
    "model": "admin.logentry",
    "pk": 109,
    "fields": {
        "action_time": "2023-03-08T17:23:48.861Z",
        "user": [
            "admin@test.com"
        ],
        "content_type": [
            "base",
            "garbagecollection"
        ],
        "object_id": "9",
        "object_repr": "PAP op 2023-03-08 voor Grote Markt 2, Antwerpen 2000",
        "action_flag": 1,
        "change_message": "[{\"added\": {}}]"
    }
},
{
    "model": "admin.logentry",
    "pk": 110,
    "fields": {
        "action_time": "2023-03-08T17:24:03.997Z",
        "user": [
            "admin@test.com"
        ],
        "content_type": [
            "base",
            "garbagecollection"
        ],
        "object_id": "10",
        "object_repr": "KER op 2023-03-09 voor Grote Markt 2, Antwerpen 2000",
        "action_flag": 1,
        "change_message": "[{\"added\": {}}]"
    }
},
{
    "model": "admin.logentry",
    "pk": 111,
    "fields": {
        "action_time": "2023-03-08T17:24:13.531Z",
        "user": [
            "admin@test.com"
        ],
        "content_type": [
            "base",
            "garbagecollection"
        ],
        "object_id": "8",
        "object_repr": "PAP op 2023-03-09 voor Grote Markt 3, Antwerpen 2000",
        "action_flag": 2,
        "change_message": "[{\"changed\": {\"fields\": [\"Date\"]}}]"
    }
},
{
    "model": "admin.logentry",
    "pk": 112,
    "fields": {
        "action_time": "2023-03-08T17:24:17.210Z",
        "user": [
            "admin@test.com"
        ],
        "content_type": [
            "base",
            "garbagecollection"
        ],
        "object_id": "7",
        "object_repr": "RES op 2023-03-09 voor Grote Markt 3, Antwerpen 2000",
        "action_flag": 2,
        "change_message": "[{\"changed\": {\"fields\": [\"Date\"]}}]"
    }
},
{
    "model": "admin.logentry",
    "pk": 113,
    "fields": {
        "action_time": "2023-03-08T17:24:22.493Z",
        "user": [
            "admin@test.com"
        ],
        "content_type": [
            "base",
            "garbagecollection"
        ],
        "object_id": "8",
        "object_repr": "PAP op 2023-03-08 voor Grote Markt 3, Antwerpen 2000",
        "action_flag": 2,
        "change_message": "[{\"changed\": {\"fields\": [\"Date\"]}}]"
    }
},
{
    "model": "admin.logentry",
    "pk": 114,
    "fields": {
        "action_time": "2023-03-08T17:24:45.436Z",
        "user": [
            "admin@test.com"
        ],
        "content_type": [
            "base",
            "garbagecollection"
        ],
        "object_id": "2",
        "object_repr": "GLS op 2023-03-09 voor Veldstraat 3, Gent 9000",
        "action_flag": 3,
        "change_message": ""
    }
},
{
    "model": "admin.logentry",
    "pk": 115,
    "fields": {
        "action_time": "2023-03-08T17:24:46.002Z",
        "user": [
            "admin@test.com"
        ],
        "content_type": [
            "base",
            "garbagecollection"
        ],
        "object_id": "3",
        "object_repr": "GRF op 2023-03-11 voor Universiteitsplein 1, Antwerpen 2000",
        "action_flag": 3,
        "change_message": ""
    }
},
{
    "model": "admin.logentry",
    "pk": 116,
    "fields": {
        "action_time": "2023-03-08T17:24:46.573Z",
        "user": [
            "admin@test.com"
        ],
        "content_type": [
            "base",
            "garbagecollection"
        ],
        "object_id": "4",
        "object_repr": "PMD op 2023-03-15 voor Sint-Pietersnieuwstraat 33, Gent 9000",
        "action_flag": 3,
        "change_message": ""
    }
},
{
    "model": "admin.logentry",
    "pk": 117,
    "fields": {
        "action_time": "2023-03-08T17:25:04.860Z",
        "user": [
            "admin@test.com"
        ],
        "content_type": [
            "base",
            "garbagecollection"
        ],
        "object_id": "5",
        "object_repr": "PAP op 2023-03-08 voor Grote Markt 4, Antwerpen 2000",
        "action_flag": 2,
        "change_message": "[{\"changed\": {\"fields\": [\"Date\"]}}]"
    }
},
{
    "model": "admin.logentry",
    "pk": 118,
    "fields": {
        "action_time": "2023-03-08T17:25:13.574Z",
        "user": [
            "admin@test.com"
        ],
        "content_type": [
            "base",
            "garbagecollection"
        ],
        "object_id": "11",
        "object_repr": "GLS op 2023-03-09 voor Grote Markt 4, Antwerpen 2000",
        "action_flag": 1,
        "change_message": "[{\"added\": {}}]"
    }
},
{
    "model": "admin.logentry",
    "pk": 119,
    "fields": {
        "action_time": "2023-03-08T17:25:32.768Z",
        "user": [
            "admin@test.com"
        ],
        "content_type": [
            "base",
            "garbagecollection"
        ],
        "object_id": "12",
        "object_repr": "GFT op 2023-03-08 voor Veldstraat 1, Gent 9000",
        "action_flag": 1,
        "change_message": "[{\"added\": {}}]"
    }
},
{
    "model": "admin.logentry",
    "pk": 120,
    "fields": {
        "action_time": "2023-03-08T17:25:39.351Z",
        "user": [
            "admin@test.com"
        ],
        "content_type": [
            "base",
            "garbagecollection"
        ],
        "object_id": "13",
        "object_repr": "KER op 2023-03-09 voor Veldstraat 1, Gent 9000",
        "action_flag": 1,
        "change_message": "[{\"added\": {}}]"
    }
},
{
    "model": "admin.logentry",
    "pk": 121,
    "fields": {
        "action_time": "2023-03-08T17:25:50.695Z",
        "user": [
            "admin@test.com"
        ],
        "content_type": [
            "base",
            "garbagecollection"
        ],
        "object_id": "14",
        "object_repr": "PMD op 2023-03-08 voor Veldstraat 2, Gent 9000",
        "action_flag": 1,
        "change_message": "[{\"added\": {}}]"
    }
},
{
    "model": "admin.logentry",
    "pk": 122,
    "fields": {
        "action_time": "2023-03-08T17:26:00.684Z",
        "user": [
            "admin@test.com"
        ],
        "content_type": [
            "base",
            "garbagecollection"
        ],
        "object_id": "15",
        "object_repr": "GLS op 2023-03-09 voor Veldstraat 2, Gent 9000",
        "action_flag": 1,
        "change_message": "[{\"added\": {}}]"
    }
},
{
    "model": "admin.logentry",
    "pk": 123,
    "fields": {
        "action_time": "2023-03-08T17:26:10.633Z",
        "user": [
            "admin@test.com"
        ],
        "content_type": [
            "base",
            "garbagecollection"
        ],
        "object_id": "16",
        "object_repr": "PAP op 2023-03-08 voor Veldstraat 3, Gent 9000",
        "action_flag": 1,
        "change_message": "[{\"added\": {}}]"
    }
},
{
    "model": "admin.logentry",
    "pk": 124,
    "fields": {
        "action_time": "2023-03-08T17:26:17.012Z",
        "user": [
            "admin@test.com"
        ],
        "content_type": [
            "base",
            "garbagecollection"
        ],
        "object_id": "17",
        "object_repr": "PMD op 2023-03-09 voor Veldstraat 3, Gent 9000",
        "action_flag": 1,
        "change_message": "[{\"added\": {}}]"
    }
},
{
    "model": "admin.logentry",
    "pk": 125,
    "fields": {
        "action_time": "2023-03-08T17:26:27.293Z",
        "user": [
            "admin@test.com"
        ],
        "content_type": [
            "base",
            "garbagecollection"
        ],
        "object_id": "18",
        "object_repr": "GRF op 2023-03-08 voor Veldstraat 4, Gent 9000",
        "action_flag": 1,
        "change_message": "[{\"added\": {}}]"
    }
},
{
    "model": "admin.logentry",
    "pk": 126,
    "fields": {
        "action_time": "2023-03-08T17:26:35.922Z",
        "user": [
            "admin@test.com"
        ],
        "content_type": [
            "base",
            "garbagecollection"
        ],
        "object_id": "19",
        "object_repr": "KER op 2023-03-09 voor Veldstraat 4, Gent 9000",
        "action_flag": 1,
        "change_message": "[{\"added\": {}}]"
    }
},
{
    "model": "admin.logentry",
    "pk": 127,
    "fields": {
        "action_time": "2023-03-08T17:26:52.792Z",
        "user": [
            "admin@test.com"
        ],
        "content_type": [
            "base",
            "garbagecollection"
        ],
        "object_id": "20",
        "object_repr": "GFT op 2023-03-08 voor Krijgslaan 281, Gent 9000",
        "action_flag": 1,
        "change_message": "[{\"added\": {}}]"
    }
},
{
    "model": "admin.logentry",
    "pk": 128,
    "fields": {
        "action_time": "2023-03-08T17:26:59.304Z",
        "user": [
            "admin@test.com"
        ],
        "content_type": [
            "base",
            "garbagecollection"
        ],
        "object_id": "21",
        "object_repr": "GRF op 2023-03-09 voor Krijgslaan 281, Gent 9000",
        "action_flag": 1,
        "change_message": "[{\"added\": {}}]"
    }
},
{
    "model": "admin.logentry",
    "pk": 129,
    "fields": {
        "action_time": "2023-03-08T17:27:07.374Z",
        "user": [
            "admin@test.com"
        ],
        "content_type": [
            "base",
            "garbagecollection"
        ],
        "object_id": "22",
        "object_repr": "GRF op 2023-03-08 voor Sint-Pietersnieuwstraat 33, Gent 9000",
        "action_flag": 1,
        "change_message": "[{\"added\": {}}]"
    }
},
{
    "model": "admin.logentry",
    "pk": 130,
    "fields": {
        "action_time": "2023-03-08T17:27:15.700Z",
        "user": [
            "admin@test.com"
        ],
        "content_type": [
            "base",
            "garbagecollection"
        ],
        "object_id": "23",
        "object_repr": "PAP op 2023-03-09 voor Sint-Pietersnieuwstraat 33, Gent 9000",
        "action_flag": 1,
        "change_message": "[{\"added\": {}}]"
    }
},
{
    "model": "admin.logentry",
    "pk": 131,
    "fields": {
        "action_time": "2023-03-08T17:27:21.716Z",
        "user": [
            "admin@test.com"
        ],
        "content_type": [
            "base",
            "garbagecollection"
        ],
        "object_id": "24",
        "object_repr": "PMD op 2023-03-08 voor Tweekerkenstraat 2, Gent 9000",
        "action_flag": 1,
        "change_message": "[{\"added\": {}}]"
    }
},
{
    "model": "admin.logentry",
    "pk": 132,
    "fields": {
        "action_time": "2023-03-08T17:27:27.642Z",
        "user": [
            "admin@test.com"
        ],
        "content_type": [
            "base",
            "garbagecollection"
        ],
        "object_id": "25",
        "object_repr": "RES op 2023-03-09 voor Tweekerkenstraat 2, Gent 9000",
        "action_flag": 1,
        "change_message": "[{\"added\": {}}]"
    }
},
{
    "model": "admin.logentry",
    "pk": 133,
    "fields": {
        "action_time": "2023-03-08T17:27:34.788Z",
        "user": [
            "admin@test.com"
        ],
        "content_type": [
            "base",
            "garbagecollection"
        ],
        "object_id": "26",
        "object_repr": "PAP op 2023-03-08 voor Karel Lodewijk Ledeganckstraat 35, Gent 9000",
        "action_flag": 1,
        "change_message": "[{\"added\": {}}]"
    }
},
{
    "model": "admin.logentry",
    "pk": 134,
    "fields": {
        "action_time": "2023-03-08T17:27:39.461Z",
        "user": [
            "admin@test.com"
        ],
        "content_type": [
            "base",
            "garbagecollection"
        ],
        "object_id": "27",
        "object_repr": "GLS op 2023-03-08 voor Karel Lodewijk Ledeganckstraat 35, Gent 9000",
        "action_flag": 1,
        "change_message": "[{\"added\": {}}]"
    }
},
{
    "model": "admin.logentry",
    "pk": 135,
    "fields": {
        "action_time": "2023-03-08T17:27:45.463Z",
        "user": [
            "admin@test.com"
        ],
        "content_type": [
            "base",
            "garbagecollection"
        ],
        "object_id": "28",
        "object_repr": "GLS op 2023-03-08 voor Prinsstraat 13, Antwerpen 2000",
        "action_flag": 1,
        "change_message": "[{\"added\": {}}]"
    }
},
{
    "model": "admin.logentry",
    "pk": 136,
    "fields": {
        "action_time": "2023-03-08T17:27:53.937Z",
        "user": [
            "admin@test.com"
        ],
        "content_type": [
            "base",
            "garbagecollection"
        ],
        "object_id": "29",
        "object_repr": "KER op 2023-03-09 voor Prinsstraat 13, Antwerpen 2000",
        "action_flag": 1,
        "change_message": "[{\"added\": {}}]"
    }
},
{
    "model": "admin.logentry",
    "pk": 137,
    "fields": {
        "action_time": "2023-03-08T17:28:00.222Z",
        "user": [
            "admin@test.com"
        ],
        "content_type": [
            "base",
            "garbagecollection"
        ],
        "object_id": "30",
        "object_repr": "PMD op 2023-03-08 voor Middelheimlaan 1, Antwerpen 2000",
        "action_flag": 1,
        "change_message": "[{\"added\": {}}]"
    }
},
{
    "model": "admin.logentry",
    "pk": 138,
    "fields": {
        "action_time": "2023-03-08T17:30:56.771Z",
        "user": [
            "admin@test.com"
        ],
        "content_type": [
            "base",
            "garbagecollection"
        ],
        "object_id": "31",
        "object_repr": "GRF op 2023-03-09 voor Middelheimlaan 1, Antwerpen 2000",
        "action_flag": 1,
        "change_message": "[{\"added\": {}}]"
    }
},
{
    "model": "admin.logentry",
    "pk": 139,
    "fields": {
        "action_time": "2023-03-08T17:31:05.688Z",
        "user": [
            "admin@test.com"
        ],
        "content_type": [
            "base",
            "garbagecollection"
        ],
        "object_id": "32",
        "object_repr": "GLS op 2023-03-08 voor Groenenborgerlaan 171, Antwerpen 2000",
        "action_flag": 1,
        "change_message": "[{\"added\": {}}]"
    }
},
{
    "model": "admin.logentry",
    "pk": 140,
    "fields": {
        "action_time": "2023-03-08T17:31:11.664Z",
        "user": [
            "admin@test.com"
        ],
        "content_type": [
            "base",
            "garbagecollection"
        ],
        "object_id": "33",
        "object_repr": "RES op 2023-03-09 voor Groenenborgerlaan 171, Antwerpen 2000",
        "action_flag": 1,
        "change_message": "[{\"added\": {}}]"
    }
},
{
    "model": "admin.logentry",
    "pk": 141,
    "fields": {
        "action_time": "2023-03-08T17:31:20.537Z",
        "user": [
            "admin@test.com"
        ],
        "content_type": [
            "base",
            "garbagecollection"
        ],
        "object_id": "34",
        "object_repr": "PAP op 2023-03-08 voor Universiteitsplein 1, Antwerpen 2000",
        "action_flag": 1,
        "change_message": "[{\"added\": {}}]"
    }
},
{
    "model": "admin.logentry",
    "pk": 142,
    "fields": {
        "action_time": "2023-03-08T17:31:26.439Z",
        "user": [
            "admin@test.com"
        ],
        "content_type": [
            "base",
            "garbagecollection"
        ],
        "object_id": "35",
        "object_repr": "GFT op 2023-03-09 voor Universiteitsplein 1, Antwerpen 2000",
        "action_flag": 1,
        "change_message": "[{\"added\": {}}]"
    }
},
{
    "model": "admin.logentry",
    "pk": 154,
    "fields": {
        "action_time": "2023-03-09T12:36:55.073Z",
        "user": [
            "admin@test.com"
        ],
        "content_type": [
            "base",
            "garbagecollection"
        ],
        "object_id": "6",
        "object_repr": "PMD op 2023-03-09 voor Grote Markt 1, Antwerpen 2000",
        "action_flag": 2,
        "change_message": "[{\"changed\": {\"fields\": [\"Date\"]}}]"
    }
},
{
    "model": "admin.logentry",
    "pk": 164,
    "fields": {
        "action_time": "2023-03-21T22:18:39.554Z",
        "user": [
            "adam@test.com"
        ],
        "content_type": [
            "base",
            "region"
        ],
        "object_id": "3",
        "object_repr": "Brugge",
        "action_flag": 1,
        "change_message": "[{\"added\": {}}]"
    }
},
{
    "model": "admin.logentry",
    "pk": 165,
    "fields": {
        "action_time": "2023-03-21T22:24:05.620Z",
        "user": [
            "adam@test.com"
        ],
        "content_type": [
            "base",
            "manual"
        ],
        "object_id": "1",
        "object_repr": "Manual: manual.pdf (version 0) for Veldstraat 1, Gent 9000",
        "action_flag": 1,
        "change_message": "[{\"added\": {}}]"
    }
},
{
    "model": "admin.logentry",
    "pk": 166,
    "fields": {
        "action_time": "2023-03-21T22:32:39.799Z",
        "user": [
            "adam@test.com"
        ],
        "content_type": [
            "base",
            "manual"
        ],
        "object_id": "2",
        "object_repr": "Manual: manualXYZ.pdf (version 0) for Sint-Pietersnieuwstraat 33, Gent 9000",
        "action_flag": 1,
        "change_message": "[{\"added\": {}}]"
    }
},
{
    "model": "admin.logentry",
    "pk": 167,
    "fields": {
        "action_time": "2023-03-21T22:34:39.055Z",
        "user": [
            "adam@test.com"
        ],
        "content_type": [
            "base",
            "manual"
        ],
        "object_id": "3",
        "object_repr": "Manual: manual_Z9rE7NK.pdf (version 1) for Veldstraat 1, Gent 9000",
        "action_flag": 1,
        "change_message": "[{\"added\": {}}]"
    }
},
{
    "model": "admin.logentry",
    "pk": 168,
    "fields": {
        "action_time": "2023-03-21T22:36:01.119Z",
        "user": [
            "adam@test.com"
        ],
        "content_type": [
            "base",
            "manual"
        ],
        "object_id": "4",
        "object_repr": "Manual: manual_ZrabAvF.pdf (version 2) for Veldstraat 1, Gent 9000",
        "action_flag": 1,
        "change_message": "[{\"added\": {}}]"
    }
},
{
    "model": "admin.logentry",
    "pk": 169,
    "fields": {
        "action_time": "2023-03-21T22:37:43.102Z",
        "user": [
            "adam@test.com"
        ],
        "content_type": [
            "base",
            "manual"
        ],
        "object_id": "5",
        "object_repr": "Manual: manual_1rTYOnL.pdf (version 3) for Veldstraat 1, Gent 9000",
        "action_flag": 1,
        "change_message": "[{\"added\": {}}]"
    }
},
{
    "model": "admin.logentry",
    "pk": 170,
    "fields": {
        "action_time": "2023-03-21T22:42:00.338Z",
        "user": [
            "adam@test.com"
        ],
        "content_type": [
            "base",
            "manual"
        ],
        "object_id": "6",
        "object_repr": "Manual: manual_Lis1No8.pdf (version 0) for Krijgslaan 281, Gent 9000",
        "action_flag": 1,
        "change_message": "[{\"added\": {}}]"
    }
},
{
    "model": "admin.logentry",
    "pk": 171,
    "fields": {
        "action_time": "2023-03-21T22:46:39.905Z",
        "user": [
            "adam@test.com"
        ],
        "content_type": [
            "base",
            "manual"
        ],
        "object_id": "7",
        "object_repr": "Manual: manual_KGPwTq7.pdf (version 0) for Grote Markt 1, Antwerpen 2000",
        "action_flag": 1,
        "change_message": "[{\"added\": {}}]"
    }
},
{
    "model": "admin.logentry",
    "pk": 172,
    "fields": {
        "action_time": "2023-03-21T22:47:07.799Z",
        "user": [
            "adam@test.com"
        ],
        "content_type": [
            "base",
            "building"
        ],
        "object_id": "17",
        "object_repr": "markt 5, Brugge 8000",
        "action_flag": 2,
        "change_message": "[{\"changed\": {\"fields\": [\"Street\"]}}]"
    }
},
{
    "model": "admin.logentry",
    "pk": 173,
    "fields": {
        "action_time": "2023-03-21T22:47:43.442Z",
        "user": [
            "adam@test.com"
        ],
        "content_type": [
            "base",
            "building"
        ],
        "object_id": "18",
        "object_repr": "steenstraat 6, Brugge 8000",
        "action_flag": 2,
        "change_message": "[{\"changed\": {\"fields\": [\"Street\"]}}]"
    }
},
{
    "model": "admin.logentry",
    "pk": 174,
    "fields": {
        "action_time": "2023-03-21T22:48:57.933Z",
        "user": [
            "adam@test.com"
        ],
        "content_type": [
            "base",
            "building"
        ],
        "object_id": "19",
        "object_repr": "'t Zand 2, Brugge 8310",
        "action_flag": 1,
        "change_message": "[{\"added\": {}}]"
    }
},
{
    "model": "admin.logentry",
    "pk": 175,
    "fields": {
        "action_time": "2023-03-21T22:49:12.262Z",
        "user": [
            "adam@test.com"
        ],
        "content_type": [
            "base",
            "building"
        ],
        "object_id": "16",
        "object_repr": "Grote Markt 4, Antwerpen 2000",
        "action_flag": 2,
        "change_message": "[{\"changed\": {\"fields\": [\"Name\"]}}]"
    }
},
{
    "model": "admin.logentry",
    "pk": 176,
    "fields": {
        "action_time": "2023-03-21T22:52:05.573Z",
        "user": [
            "adam@test.com"
        ],
        "content_type": [
            "base",
            "emailtemplate"
        ],
        "object_id": "1",
        "object_repr": "EmailTemplate object (1)",
        "action_flag": 1,
        "change_message": "[{\"added\": {}}]"
    }
},
{
    "model": "admin.logentry",
    "pk": 177,
    "fields": {
        "action_time": "2023-03-21T22:54:13.985Z",
        "user": [
            "adam@test.com"
        ],
        "content_type": [
            "base",
            "emailtemplate"
        ],
        "object_id": "2",
        "object_repr": "EmailTemplate object (2)",
        "action_flag": 1,
        "change_message": "[{\"added\": {}}]"
    }
},
{
    "model": "admin.logentry",
    "pk": 178,
    "fields": {
        "action_time": "2023-03-21T22:57:41.059Z",
        "user": [
            "adam@test.com"
        ],
        "content_type": [
            "base",
            "buildingcomment"
        ],
        "object_id": "1",
        "object_repr": "Comment: De containers stonden niet in de kelder, waar ze normaal wel zouden moeten staan. (2023-03-21 23:57:00+01:00) for Veldstraat 1, Gent 9000",
        "action_flag": 1,
        "change_message": "[{\"added\": {}}]"
    }
},
{
    "model": "admin.logentry",
    "pk": 211,
    "fields": {
        "action_time": "2023-04-20T09:00:33.526Z",
        "user": [
            "admin@test.com"
        ],
        "content_type": [
            "base",
            "buildingcomment"
        ],
        "object_id": "2",
        "object_repr": "Comment: De deur is moeilijk te openen. (2023-04-20 11:00:08+02:00) for Grote Markt 1, Antwerpen 2000",
        "action_flag": 1,
        "change_message": "[{\"added\": {}}]"
    }
},
{
    "model": "admin.logentry",
    "pk": 212,
    "fields": {
        "action_time": "2023-04-20T09:00:43.199Z",
        "user": [
            "admin@test.com"
        ],
        "content_type": [
            "base",
            "buildingcomment"
        ],
        "object_id": "1",
        "object_repr": "Comment: De containers stonden niet in de kelder, waar ze normaal wel zouden moeten staan. (2023-03-21 22:57:00+00:00) for Veldstraat 1, Gent 9000",
        "action_flag": 3,
        "change_message": ""
    }
},
{
    "model": "admin.logentry",
    "pk": 213,
    "fields": {
        "action_time": "2023-04-20T09:02:03.877Z",
        "user": [
            "admin@test.com"
        ],
        "content_type": [
            "base",
            "buildingcomment"
        ],
        "object_id": "3",
        "object_repr": "Comment: De code van de poort is 1234. (2023-04-20 11:01:59+02:00) for Veldstraat 1, Gent 9000",
        "action_flag": 1,
        "change_message": "[{\"added\": {}}]"
    }
},
{
    "model": "admin.logentry",
    "pk": 214,
    "fields": {
        "action_time": "2023-04-20T09:02:29.752Z",
        "user": [
            "admin@test.com"
        ],
        "content_type": [
            "base",
            "buildingcomment"
        ],
        "object_id": "4",
        "object_repr": "Comment: De containers staan in verschillende ruimtes. (2023-04-20 11:02:26+02:00) for Universiteitsplein 1, Antwerpen 2000",
        "action_flag": 1,
        "change_message": "[{\"added\": {}}]"
    }
},
{
    "model": "admin.logentry",
    "pk": 215,
    "fields": {
        "action_time": "2023-04-20T09:03:01.701Z",
        "user": [
            "admin@test.com"
        ],
        "content_type": [
            "base",
            "buildingcomment"
        ],
        "object_id": "5",
        "object_repr": "Comment: Je moet langs de achterdeur van het gebouw binnen. (2023-04-20 11:02:54+02:00) for Groenenborgerlaan 171, Antwerpen 2000",
        "action_flag": 1,
        "change_message": "[{\"added\": {}}]"
    }
},
{
    "model": "admin.logentry",
    "pk": 216,
    "fields": {
        "action_time": "2023-04-20T09:03:50.482Z",
        "user": [
            "admin@test.com"
        ],
        "content_type": [
            "base",
            "buildingcomment"
        ],
        "object_id": "6",
        "object_repr": "Comment: Bel aan bij bewoner op nummer 3, deze laat je binnen. (2023-04-20 11:03:44+02:00) for Veldstraat 2, Gent 9000",
        "action_flag": 1,
        "change_message": "[{\"added\": {}}]"
    }
},
{
    "model": "admin.logentry",
    "pk": 217,
    "fields": {
        "action_time": "2023-04-20T09:04:13.174Z",
        "user": [
            "admin@test.com"
        ],
        "content_type": [
            "base",
            "buildingcomment"
        ],
        "object_id": "7",
        "object_repr": "Comment: De code van de poort is 5395 (2023-04-20 11:04:09+02:00) for Veldstraat 3, Gent 9000",
        "action_flag": 1,
        "change_message": "[{\"added\": {}}]"
    }
},
{
    "model": "admin.logentry",
    "pk": 218,
    "fields": {
        "action_time": "2023-04-20T09:04:41.617Z",
        "user": [
            "admin@test.com"
        ],
        "content_type": [
            "base",
            "buildingcomment"
        ],
        "object_id": "8",
        "object_repr": "Comment: PMD en REST staan op het gelijkvloers, de rest in de kelder. (2023-04-20 11:04:30+02:00) for Veldstraat 4, Gent 9000",
        "action_flag": 1,
        "change_message": "[{\"added\": {}}]"
    }
},
{
    "model": "admin.logentry",
    "pk": 219,
    "fields": {
        "action_time": "2023-04-20T09:05:08.828Z",
        "user": [
            "admin@test.com"
        ],
        "content_type": [
            "base",
            "buildingcomment"
        ],
        "object_id": "9",
        "object_repr": "Comment: Je moet langs de grote poort binnen. (2023-04-20 11:04:49+02:00) for Grote Markt 3, Antwerpen 2000",
        "action_flag": 1,
        "change_message": "[{\"added\": {}}]"
    }
},
{
    "model": "admin.logentry",
    "pk": 220,
    "fields": {
        "action_time": "2023-04-20T09:06:36.454Z",
        "user": [
            "admin@test.com"
        ],
        "content_type": [
            "base",
            "buildingcomment"
        ],
        "object_id": "10",
        "object_repr": "Comment: De containers hangen vast met een slot (code 7361) (2023-04-20 11:05:37+02:00) for Veldstraat 4, Gent 9000",
        "action_flag": 1,
        "change_message": "[{\"added\": {}}]"
    }
},
{
    "model": "admin.logentry",
    "pk": 221,
    "fields": {
        "action_time": "2023-04-20T09:13:43.607Z",
        "user": [
            "admin@test.com"
        ],
        "content_type": [
            "base",
            "building"
        ],
        "object_id": "20",
        "object_repr": "Palingstraat 42, Brugge 8000",
        "action_flag": 1,
        "change_message": "[{\"added\": {}}]"
    }
},
{
    "model": "admin.logentry",
    "pk": 222,
    "fields": {
        "action_time": "2023-04-20T09:15:45.511Z",
        "user": [
            "admin@test.com"
        ],
        "content_type": [
            "base",
            "building"
        ],
        "object_id": "21",
        "object_repr": "Stropersgracht 32, Brugge 8000",
        "action_flag": 1,
        "change_message": "[{\"added\": {}}]"
    }
},
{
    "model": "admin.logentry",
    "pk": 223,
    "fields": {
        "action_time": "2023-04-20T09:16:57.832Z",
        "user": [
            "admin@test.com"
        ],
        "content_type": [
            "base",
            "garbagecollection"
        ],
        "object_id": "36",
        "object_repr": "GRF on 2023-04-20 at Veldstraat 1, Gent 9000",
        "action_flag": 1,
        "change_message": "[{\"added\": {}}]"
    }
},
{
    "model": "admin.logentry",
    "pk": 224,
    "fields": {
        "action_time": "2023-04-20T09:17:06.104Z",
        "user": [
            "admin@test.com"
        ],
        "content_type": [
            "base",
            "garbagecollection"
        ],
        "object_id": "37",
        "object_repr": "GLS on 2023-04-20 at Veldstraat 1, Gent 9000",
        "action_flag": 1,
        "change_message": "[{\"added\": {}}]"
    }
},
{
    "model": "admin.logentry",
    "pk": 225,
    "fields": {
        "action_time": "2023-04-20T09:17:24.146Z",
        "user": [
            "admin@test.com"
        ],
        "content_type": [
            "base",
            "garbagecollection"
        ],
        "object_id": "38",
        "object_repr": "PAP on 2023-04-21 at Veldstraat 1, Gent 9000",
        "action_flag": 1,
        "change_message": "[{\"added\": {}}]"
    }
},
{
    "model": "admin.logentry",
    "pk": 226,
    "fields": {
        "action_time": "2023-04-20T09:17:35.731Z",
        "user": [
            "admin@test.com"
        ],
        "content_type": [
            "base",
            "garbagecollection"
        ],
        "object_id": "39",
        "object_repr": "PMD on 2023-04-21 at Veldstraat 1, Gent 9000",
        "action_flag": 1,
        "change_message": "[{\"added\": {}}]"
    }
},
{
    "model": "admin.logentry",
    "pk": 227,
    "fields": {
        "action_time": "2023-04-20T09:17:48.776Z",
        "user": [
            "admin@test.com"
        ],
        "content_type": [
            "base",
            "garbagecollection"
        ],
        "object_id": "40",
        "object_repr": "RES on 2023-04-21 at Veldstraat 2, Gent 9000",
        "action_flag": 1,
        "change_message": "[{\"added\": {}}]"
    }
},
{
    "model": "admin.logentry",
    "pk": 228,
    "fields": {
        "action_time": "2023-04-20T09:18:02.182Z",
        "user": [
            "admin@test.com"
        ],
        "content_type": [
            "base",
            "garbagecollection"
        ],
        "object_id": "41",
        "object_repr": "GFT on 2023-04-20 at Veldstraat 2, Gent 9000",
        "action_flag": 1,
        "change_message": "[{\"added\": {}}]"
    }
},
{
    "model": "admin.logentry",
    "pk": 229,
    "fields": {
        "action_time": "2023-04-20T09:18:14.098Z",
        "user": [
            "admin@test.com"
        ],
        "content_type": [
            "base",
            "garbagecollection"
        ],
        "object_id": "42",
        "object_repr": "PMD on 2023-04-21 at Veldstraat 2, Gent 9000",
        "action_flag": 1,
        "change_message": "[{\"added\": {}}]"
    }
},
{
    "model": "admin.logentry",
    "pk": 230,
    "fields": {
        "action_time": "2023-04-20T09:18:25.335Z",
        "user": [
            "admin@test.com"
        ],
        "content_type": [
            "base",
            "garbagecollection"
        ],
        "object_id": "43",
        "object_repr": "GLS on 2023-04-20 at Veldstraat 3, Gent 9000",
        "action_flag": 1,
        "change_message": "[{\"added\": {}}]"
    }
},
{
    "model": "admin.logentry",
    "pk": 231,
    "fields": {
        "action_time": "2023-04-20T09:18:43.221Z",
        "user": [
            "admin@test.com"
        ],
        "content_type": [
            "base",
            "garbagecollection"
        ],
        "object_id": "44",
        "object_repr": "PMD on 2023-04-21 at Veldstraat 3, Gent 9000",
        "action_flag": 1,
        "change_message": "[{\"added\": {}}]"
    }
},
{
    "model": "admin.logentry",
    "pk": 232,
    "fields": {
        "action_time": "2023-04-20T09:18:53.567Z",
        "user": [
            "admin@test.com"
        ],
        "content_type": [
            "base",
            "garbagecollection"
        ],
        "object_id": "45",
        "object_repr": "RES on 2023-04-21 at Veldstraat 3, Gent 9000",
        "action_flag": 1,
        "change_message": "[{\"added\": {}}]"
    }
},
{
    "model": "admin.logentry",
    "pk": 233,
    "fields": {
        "action_time": "2023-04-20T09:19:21.874Z",
        "user": [
            "admin@test.com"
        ],
        "content_type": [
            "base",
            "garbagecollection"
        ],
        "object_id": "46",
        "object_repr": "RES on 2023-04-21 at Veldstraat 4, Gent 9000",
        "action_flag": 1,
        "change_message": "[{\"added\": {}}]"
    }
},
{
    "model": "admin.logentry",
    "pk": 234,
    "fields": {
        "action_time": "2023-04-20T09:19:35.166Z",
        "user": [
            "admin@test.com"
        ],
        "content_type": [
            "base",
            "garbagecollection"
        ],
        "object_id": "47",
        "object_repr": "PAP on 2023-04-20 at Veldstraat 4, Gent 9000",
        "action_flag": 1,
        "change_message": "[{\"added\": {}}]"
    }
},
{
    "model": "admin.logentry",
    "pk": 235,
    "fields": {
        "action_time": "2023-04-20T09:19:52.000Z",
        "user": [
            "admin@test.com"
        ],
        "content_type": [
            "base",
            "garbagecollection"
        ],
        "object_id": "48",
        "object_repr": "GRF on 2023-04-21 at Veldstraat 4, Gent 9000",
        "action_flag": 1,
        "change_message": "[{\"added\": {}}]"
    }
},
{
    "model": "admin.logentry",
    "pk": 236,
    "fields": {
        "action_time": "2023-04-20T09:20:34.267Z",
        "user": [
            "admin@test.com"
        ],
        "content_type": [
            "base",
            "garbagecollection"
        ],
        "object_id": "49",
        "object_repr": "GRF on 2023-04-20 at Palingstraat 42, Brugge 8000",
        "action_flag": 1,
        "change_message": "[{\"added\": {}}]"
    }
},
{
    "model": "admin.logentry",
    "pk": 237,
    "fields": {
        "action_time": "2023-04-20T09:20:47.247Z",
        "user": [
            "admin@test.com"
        ],
        "content_type": [
            "base",
            "garbagecollection"
        ],
        "object_id": "50",
        "object_repr": "RES on 2023-04-21 at 't Zand 2, Brugge 8310",
        "action_flag": 1,
        "change_message": "[{\"added\": {}}]"
    }
},
{
    "model": "admin.logentry",
    "pk": 238,
    "fields": {
        "action_time": "2023-04-20T09:20:58.392Z",
        "user": [
            "admin@test.com"
        ],
        "content_type": [
            "base",
            "garbagecollection"
        ],
        "object_id": "51",
        "object_repr": "GLS on 2023-04-21 at Palingstraat 42, Brugge 8000",
        "action_flag": 1,
        "change_message": "[{\"added\": {}}]"
    }
},
{
    "model": "admin.logentry",
    "pk": 239,
    "fields": {
        "action_time": "2023-04-20T09:21:18.667Z",
        "user": [
            "admin@test.com"
        ],
        "content_type": [
            "base",
            "garbagecollection"
        ],
        "object_id": "52",
        "object_repr": "GFT on 2023-04-21 at Stropersgracht 32, Brugge 8000",
        "action_flag": 1,
        "change_message": "[{\"added\": {}}]"
    }
},
{
    "model": "admin.logentry",
    "pk": 240,
    "fields": {
        "action_time": "2023-04-20T09:21:31.594Z",
        "user": [
            "admin@test.com"
        ],
        "content_type": [
            "base",
            "garbagecollection"
        ],
        "object_id": "53",
        "object_repr": "GLS on 2023-04-20 at Stropersgracht 32, Brugge 8000",
        "action_flag": 1,
        "change_message": "[{\"added\": {}}]"
    }
},
{
    "model": "admin.logentry",
    "pk": 241,
    "fields": {
        "action_time": "2023-04-20T09:21:49.005Z",
        "user": [
            "admin@test.com"
        ],
        "content_type": [
            "base",
            "garbagecollection"
        ],
        "object_id": "54",
        "object_repr": "GFT on 2023-04-21 at Palingstraat 42, Brugge 8000",
        "action_flag": 1,
        "change_message": "[{\"added\": {}}]"
    }
},
{
    "model": "admin.logentry",
    "pk": 242,
    "fields": {
        "action_time": "2023-04-20T09:22:22.266Z",
        "user": [
            "admin@test.com"
        ],
        "content_type": [
            "base",
            "building"
        ],
        "object_id": "17",
        "object_repr": "markt 5, Brugge 8000",
        "action_flag": 3,
        "change_message": ""
    }
},
{
    "model": "admin.logentry",
    "pk": 243,
    "fields": {
        "action_time": "2023-04-20T09:27:53.135Z",
        "user": [
            "admin@test.com"
        ],
        "content_type": [
            "base",
            "manual"
        ],
        "object_id": "7",
        "object_repr": "Manual: manual_KGPwTq7.pdf (version 0) for Grote Markt 1, Antwerpen 2000",
        "action_flag": 3,
        "change_message": ""
    }
},
{
    "model": "admin.logentry",
    "pk": 244,
    "fields": {
        "action_time": "2023-04-20T09:27:53.148Z",
        "user": [
            "admin@test.com"
        ],
        "content_type": [
            "base",
            "manual"
        ],
        "object_id": "6",
        "object_repr": "Manual: manual_Lis1No8.pdf (version 0) for Krijgslaan 281, Gent 9000",
        "action_flag": 3,
        "change_message": ""
    }
},
{
    "model": "admin.logentry",
    "pk": 245,
    "fields": {
        "action_time": "2023-04-20T09:27:53.152Z",
        "user": [
            "admin@test.com"
        ],
        "content_type": [
            "base",
            "manual"
        ],
        "object_id": "5",
        "object_repr": "Manual: manual_1rTYOnL.pdf (version 3) for Veldstraat 1, Gent 9000",
        "action_flag": 3,
        "change_message": ""
    }
},
{
    "model": "admin.logentry",
    "pk": 246,
    "fields": {
        "action_time": "2023-04-20T09:27:53.154Z",
        "user": [
            "admin@test.com"
        ],
        "content_type": [
            "base",
            "manual"
        ],
        "object_id": "4",
        "object_repr": "Manual: manual_ZrabAvF.pdf (version 2) for Veldstraat 1, Gent 9000",
        "action_flag": 3,
        "change_message": ""
    }
},
{
    "model": "admin.logentry",
    "pk": 247,
    "fields": {
        "action_time": "2023-04-20T09:27:53.157Z",
        "user": [
            "admin@test.com"
        ],
        "content_type": [
            "base",
            "manual"
        ],
        "object_id": "3",
        "object_repr": "Manual: manual_Z9rE7NK.pdf (version 1) for Veldstraat 1, Gent 9000",
        "action_flag": 3,
        "change_message": ""
    }
},
{
    "model": "admin.logentry",
    "pk": 248,
    "fields": {
        "action_time": "2023-04-20T09:27:53.159Z",
        "user": [
            "admin@test.com"
        ],
        "content_type": [
            "base",
            "manual"
        ],
        "object_id": "2",
        "object_repr": "Manual: manualXYZ.pdf (version 0) for Sint-Pietersnieuwstraat 33, Gent 9000",
        "action_flag": 3,
        "change_message": ""
    }
},
{
    "model": "admin.logentry",
    "pk": 249,
    "fields": {
        "action_time": "2023-04-20T09:27:53.161Z",
        "user": [
            "admin@test.com"
        ],
        "content_type": [
            "base",
            "manual"
        ],
        "object_id": "1",
        "object_repr": "Manual: manual.pdf (version 0) for Veldstraat 1, Gent 9000",
        "action_flag": 3,
        "change_message": ""
    }
},
{
    "model": "admin.logentry",
    "pk": 251,
    "fields": {
        "action_time": "2023-04-20T09:28:55.003Z",
        "user": [
            "admin@test.com"
        ],
        "content_type": [
            "base",
            "tour"
        ],
        "object_id": "7",
        "object_repr": "Tour testSequence in region Gent",
        "action_flag": 3,
        "change_message": ""
    }
},
{
    "model": "admin.logentry",
    "pk": 252,
    "fields": {
        "action_time": "2023-04-20T09:28:55.017Z",
        "user": [
            "admin@test.com"
        ],
        "content_type": [
            "base",
            "tour"
        ],
        "object_id": "6",
        "object_repr": "Tour hoihoi in region Gent",
        "action_flag": 3,
        "change_message": ""
    }
},
{
    "model": "admin.logentry",
    "pk": 253,
    "fields": {
        "action_time": "2023-04-20T09:28:55.019Z",
        "user": [
            "admin@test.com"
        ],
        "content_type": [
            "base",
            "tour"
        ],
        "object_id": "5",
        "object_repr": "Tour test in region Gent",
        "action_flag": 3,
        "change_message": ""
    }
}
]
